Workbook

Sheet Site Information
A1: PAN-INDIA SITE CONSUMPTION TEMPLATE | Perpetual / Continuous | v3.0
A2: Fill Site Information ONCE. Enter daily readings continuously — all months, all years. Upload same file after each entry.
A4: SITE DETAILS (Fill once — do not change)
A5: Site Code | B5: LKO1 | C5: e.g. LKO1, DEL5, MUM1 | D5: MANDATORY
A6: Site Name | B6: ASSPL LKO1 | C6: Full name of the site | D6: MANDATORY
A7: Region | B7: North | C7: North / South / East / West / Central | D7: MANDATORY
A8: Business Unit | B8: FC | C8: FC / SC / AMZL / AMXL / GSF | D8: MANDATORY
A9: Capacity (GSF) | B9: 1194597 | C9: Gross Square Feet — used for EUI calc | D9: MANDATORY
A10: Contact Person | B10: Vinod Minhas | C10: RME / FM in-charge name | D10: MANDATORY
A11: Email | B11: vmminhas@amazon.com | C11: Contact email address | D11: MANDATORY
A12: Phone | B12: 8988385268 | C12: 10-digit mobile number | D12: MANDATORY
A13: Data Start Date | B13: 46023 | C13: Date from which data entry begins (DD/MM/YYYY) | D13: MANDATORY
A15: FILE NAMING: SITECODE_Consumption.xlsx | Example: LKO1_Consumption.xlsx (ONE FILE PER SITE — PERPETUAL)
A16: UPLOAD: WorkDocs > Region > Site Code > SITECODE_Consumption.xlsx | Upload same file after each daily entry
A18: COLOR GUIDE: YELLOW = Enter data here (manual input by technician) GREEN = Auto-calculated — DO NOT EDIT GRAY = Auto-linked from previous row — DO NOT EDIT BLUE = Date column (DD/MM/YYYY)
A24: MONTHLY EUI TARGETS (kWh/GSF/Day) — Update every year
A25: Month | B25: EUI Target | C25: Hint | D25: Status
A26: January | B26: 0.26 | C26: EUI target for January (kWh/GSF/Day) | D26: MANDATORY
A27: February | B27: 0.32 | C27: EUI target for February (kWh/GSF/Day) | D27: MANDATORY
A28: March | B28: 0.46 | C28: EUI target for March (kWh/GSF/Day) | D28: MANDATORY
A29: April | B29: 0.67 | C29: EUI target for April (kWh/GSF/Day) | D29: MANDATORY
A30: May | B30: 0.72 | C30: EUI target for May (kWh/GSF/Day) | D30: MANDATORY
A31: June | B31: 0.76 | C31: EUI target for June (kWh/GSF/Day) | D31: MANDATORY
A32: July | B32: 0.8 | C32: EUI target for July (kWh/GSF/Day) | D32: MANDATORY
A33: August | B33: 0.84 | C33: EUI target for August (kWh/GSF/Day) | D33: MANDATORY
A34: September | B34: 0.74 | C34: EUI target for September (kWh/GSF/Day) | D34: MANDATORY
A35: October | B35: 0.68 | C35: EUI target for October (kWh/GSF/Day) | D35: MANDATORY
A36: November | B36: 0.52 | C36: EUI target for November (kWh/GSF/Day) | D36: MANDATORY
A37: December | B37: 0.48 | C37: EUI target for December (kWh/GSF/Day) | D37: MANDATORY
A38: Monthly EUI Targets: Enter site-specific monthly targets above. These are auto-referenced in Energy Master sheet.

Sheet Energy - Master
A1: ENERGY & CONSUMPTION MASTER SHEET | 100% Auto-populated | GREEN = Auto-fetched | Only DATE is manual
A2: Date (DD/MM/YYYY) | B2: EB Consumption (HT kWh) | C2: DG Consumption (kWh) | D2: Solar Consumption (kWh) | E2: Total Power Consumption (kWh) | F2: Total HSD Consumption (Ltr) | G2: EB MTD (kWh) | H2: DG MTD (kWh) | I2: Solar MTD (kWh) | J2: Total Power MTD (kWh) | K2: Budget Unit | L2: Budget MTD | M2: EUI / Day (Target ) | N2: EUI/Day (Actual) | O2: EUI MTD | P2: Raw Water Consumption (KL) | Q2: STP Inlet (KL) | R2: STP Outlet (KL) | S2: Total Water Consumption (KL) | T2: Comments / Remarks
A3: 46023 | B3: =IFERROR(IF('LT Panel Feeder Readings'!E4="","",'LT Panel Feeder Readings'!E4),"") -> 7137 | C3: =IFERROR(IF('LT Panel Feeder Readings'!W4="","",IF('LT Panel Feeder Readings'!W4="",0,'LT Panel Feeder Readings'!W4)+IF('LT Panel Feeder Readings'!Z4="",0,'LT Panel Feeder Readings'!Z4)),"") -> 0 | D3: =IFERROR(IF('LT Panel Feeder Readings'!BG4="","",IF('LT Panel Feeder Readings'!BG4="",0,'LT Panel Feeder Readings'!BG4)+IF('LT Panel Feeder Readings'!BJ4="",0,'LT Panel Feeder Readings'!BJ4)),"") -> 2063 | E3: =IF(B3="","",B3+IF(C3="",0,C3)+IF(D3="",0,D3)) -> 9200 | F3: =IFERROR(IF('Fuel Status'!E5="","",IF('Fuel Status'!E5="",0,'Fuel Status'!E5)+IF('Fuel Status'!J5="",0,'Fuel Status'!J5)+IF('Fuel Status'!O5="",0,'Fuel Status'!O5)),"") -> 65 | G3: =IF(B3="","",B3) -> 7137 | H3: =IF(C3="","",C3) -> 0 | I3: =IF(D3="","",D3) -> 2063 | J3: =IF(E3="","",E3) -> 9200 | K3: =(M3*'Site Information'!$B$9)/DAY(EOMONTH(A$3,0)) -> 10019.201 | L3: =IF(K3="","",K3) -> 10019.201 | M3: {=IF(A3="","",INDEX('Site Information'!$B$26:$B$37,MONTH(A3)))} -> 0.26 | N3: =E3*M3/K3 -> 0.2387416 | O3: =J3*M3/L3 -> 0.2387416 | P3: =IFERROR(IF('Raw Water'!U4="","",'Raw Water'!U4),"") -> 35 | Q3: =IFERROR(IF(STP!U4="","",STP!U4),"") -> 48 | R3: =IFERROR(IF(STP!V4="","",STP!V4),"") -> 42 | S3: =IF(P3="","",P3) -> 35
A4: 46024 | B4: =IFERROR(IF('LT Panel Feeder Readings'!E5="","",'LT Panel Feeder Readings'!E5),"") -> 9255 | C4: =IFERROR(IF('LT Panel Feeder Readings'!W5="","",IF('LT Panel Feeder Readings'!W5="",0,'LT Panel Feeder Readings'!W5)+IF('LT Panel Feeder Readings'!Z5="",0,'LT Panel Feeder Readings'!Z5)),"") -> 91 | D4: =IFERROR(IF('LT Panel Feeder Readings'!BG5="","",IF('LT Panel Feeder Readings'!BG5="",0,'LT Panel Feeder Readings'!BG5)+IF('LT Panel Feeder Readings'!BJ5="",0,'LT Panel Feeder Readings'!BJ5)),"") -> 645 | E4: =IF(B4="","",B4+IF(C4="",0,C4)+IF(D4="",0,D4)) -> 9991 | F4: =IFERROR(IF('Fuel Status'!E6="","",IF('Fuel Status'!E6="",0,'Fuel Status'!E6)+IF('Fuel Status'!J6="",0,'Fuel Status'!J6)+IF('Fuel Status'!O6="",0,'Fuel Status'!O6)),"") -> 0 | G4: =IF(B4="","",IF(MONTH(A4)<>MONTH(A3),B4,G3+B4)) -> 16392 | H4: =IF(C4="","",IF(MONTH(A4)<>MONTH(A3),C4,H3+C4)) -> 91 | I4: =IF(D4="","",IF(MONTH(A4)<>MONTH(A3),D4,I3+D4)) -> 2708 | J4: =IF(E4="","",IF(MONTH(A4)<>MONTH(A3),E4,J3+E4)) -> 19191 | K4: =(M4*'Site Information'!$B$9)/DAY(EOMONTH(A$3,0)) -> 10019.201 | L4: =IF(K4="","",IF(MONTH(A4)<>MONTH(A3),K4,L3+K4)) -> 20038.401 | M4: {=IF(A4="","",INDEX('Site Information'!$B$26:$B$37,MONTH(A4)))} -> 0.26 | N4: =E4*M4/K4 -> 0.25926819 | O4: =J4*M4/L4 -> 0.24900489 | P4: =IFERROR(IF('Raw Water'!U5="","",'Raw Water'!U5),"") -> 20 | Q4: =IFERROR(IF(STP!U5="","",STP!U5),"") -> 50 | R4: =IFERROR(IF(STP!V5="","",STP!V5),"") -> 42 | S4: =IF(P4="","",P4) -> 20
A5: 46025 | B5: =IFERROR(IF('LT Panel Feeder Readings'!E6="","",'LT Panel Feeder Readings'!E6),"") -> 8924 | C5: =IFERROR(IF('LT Panel Feeder Readings'!W6="","",IF('LT Panel Feeder Readings'!W6="",0,'LT Panel Feeder Readings'!W6)+IF('LT Panel Feeder Readings'!Z6="",0,'LT Panel Feeder Readings'!Z6)),"") -> 0 | D5: =IFERROR(IF('LT Panel Feeder Readings'!BG6="","",IF('LT Panel Feeder Readings'!BG6="",0,'LT Panel Feeder Readings'!BG6)+IF('LT Panel Feeder Readings'!BJ6="",0,'LT Panel Feeder Readings'!BJ6)),"") -> 992 | E5: =IF(B5="","",B5+IF(C5="",0,C5)+IF(D5="",0,D5)) -> 9916 | F5: =IFERROR(IF('Fuel Status'!E7="","",IF('Fuel Status'!E7="",0,'Fuel Status'!E7)+IF('Fuel Status'!J7="",0,'Fuel Status'!J7)+IF('Fuel Status'!O7="",0,'Fuel Status'!O7)),"") -> 0 | G5: =IF(B5="","",IF(MONTH(A5)<>MONTH(A4),B5,G4+B5)) -> 25316 | H5: =IF(C5="","",IF(MONTH(A5)<>MONTH(A4),C5,H4+C5)) -> 91 | I5: =IF(D5="","",IF(MONTH(A5)<>MONTH(A4),D5,I4+D5)) -> 3700 | J5: =IF(E5="","",IF(MONTH(A5)<>MONTH(A4),E5,J4+E5)) -> 29107 | K5: =(M5*'Site Information'!$B$9)/DAY(EOMONTH(A$3,0)) -> 10019.201 | L5: =IF(K5="","",IF(MONTH(A5)<>MONTH(A4),K5,L4+K5)) -> 30057.602 | M5: {=IF(A5="","",INDEX('Site Information'!$B$26:$B$37,MONTH(A5)))} -> 0.26 | N5: =E5*M5/K5 -> 0.25732193 | O5: =J5*M5/L5 -> 0.25177724 | P5: =IFERROR(IF('Raw Water'!U6="","",'Raw Water'!U6),"") -> 22 | Q5: =IFERROR(IF(STP!U6="","",STP!U6),"") -> 49 | R5: =IFERROR(IF(STP!V6="","",STP!V6),"") -> 43 | S5: =IF(P5="","",P5) -> 22
A6: 46026 | B6: =IFERROR(IF('LT Panel Feeder Readings'!E7="","",'LT Panel Feeder Readings'!E7),"") -> 7671 | C6: =IFERROR(IF('LT Panel Feeder Readings'!W7="","",IF('LT Panel Feeder Readings'!W7="",0,'LT Panel Feeder Readings'!W7)+IF('LT Panel Feeder Readings'!Z7="",0,'LT Panel Feeder Readings'!Z7)),"") -> 0 | D6: =IFERROR(IF('LT Panel Feeder Readings'!BG7="","",IF('LT Panel Feeder Readings'!BG7="",0,'LT Panel Feeder Readings'!BG7)+IF('LT Panel Feeder Readings'!BJ7="",0,'LT Panel Feeder Readings'!BJ7)),"") -> 1854 | E6: =IF(B6="","",B6+IF(C6="",0,C6)+IF(D6="",0,D6)) -> 9525 | F6: =IFERROR(IF('Fuel Status'!E8="","",IF('Fuel Status'!E8="",0,'Fuel Status'!E8)+IF('Fuel Status'!J8="",0,'Fuel Status'!J8)+IF('Fuel Status'!O8="",0,'Fuel Status'!O8)),"") -> 30 | G6: =IF(B6="","",IF(MONTH(A6)<>MONTH(A5),B6,G5+B6)) -> 32987 | H6: =IF(C6="","",IF(MONTH(A6)<>MONTH(A5),C6,H5+C6)) -> 91 | I6: =IF(D6="","",IF(MONTH(A6)<>MONTH(A5),D6,I5+D6)) -> 5554 | J6: =IF(E6="","",IF(MONTH(A6)<>MONTH(A5),E6,J5+E6)) -> 38632 | K6: =(M6*'Site Information'!$B$9)/DAY(EOMONTH(A$3,0)) -> 10019.201 | L6: =IF(K6="","",IF(MONTH(A6)<>MONTH(A5),K6,L5+K6)) -> 40076.803 | M6: {=IF(A6="","",INDEX('Site Information'!$B$26:$B$37,MONTH(A6)))} -> 0.26 | N6: =E6*M6/K6 -> 0.24717541 | O6: =J6*M6/L6 -> 0.25062678 | P6: =IFERROR(IF('Raw Water'!U7="","",'Raw Water'!U7),"") -> 23 | Q6: =IFERROR(IF(STP!U7="","",STP!U7),"") -> 47 | R6: =IFERROR(IF(STP!V7="","",STP!V7),"") -> 41 | S6: =IF(P6="","",P6) -> 23
A7: 46027 | B7: =IFERROR(IF('LT Panel Feeder Readings'!E8="","",'LT Panel Feeder Readings'!E8),"") -> 7089 | C7: =IFERROR(IF('LT Panel Feeder Readings'!W8="","",IF('LT Panel Feeder Readings'!W8="",0,'LT Panel Feeder Readings'!W8)+IF('LT Panel Feeder Readings'!Z8="",0,'LT Panel Feeder Readings'!Z8)),"") -> 450 | D7: =IFERROR(IF('LT Panel Feeder Readings'!BG8="","",IF('LT Panel Feeder Readings'!BG8="",0,'LT Panel Feeder Readings'!BG8)+IF('LT Panel Feeder Readings'!BJ8="",0,'LT Panel Feeder Readings'!BJ8)),"") -> 2106 | E7: =IF(B7="","",B7+IF(C7="",0,C7)+IF(D7="",0,D7)) -> 9645 | F7: =IFERROR(IF('Fuel Status'!E9="","",IF('Fuel Status'!E9="",0,'Fuel Status'!E9)+IF('Fuel Status'!J9="",0,'Fuel Status'!J9)+IF('Fuel Status'!O9="",0,'Fuel Status'!O9)),"") -> 190 | G7: =IF(B7="","",IF(MONTH(A7)<>MONTH(A6),B7,G6+B7)) -> 40076 | H7: =IF(C7="","",IF(MONTH(A7)<>MONTH(A6),C7,H6+C7)) -> 541 | I7: =IF(D7="","",IF(MONTH(A7)<>MONTH(A6),D7,I6+D7)) -> 7660 | J7: =IF(E7="","",IF(MONTH(A7)<>MONTH(A6),E7,J6+E7)) -> 48277 | K7: =(M7*'Site Information'!$B$9)/DAY(EOMONTH(A$3,0)) -> 10019.201 | L7: =IF(K7="","",IF(MONTH(A7)<>MONTH(A6),K7,L6+K7)) -> 50096.003 | M7: {=IF(A7="","",INDEX('Site Information'!$B$26:$B$37,MONTH(A7)))} -> 0.26 | N7: =E7*M7/K7 -> 0.25028943 | O7: =J7*M7/L7 -> 0.25055931 | P7: =IFERROR(IF('Raw Water'!U8="","",'Raw Water'!U8),"") -> 36 | Q7: =IFERROR(IF(STP!U8="","",STP!U8),"") -> 40 | R7: =IFERROR(IF(STP!V8="","",STP!V8),"") -> 35 | S7: =IF(P7="","",P7) -> 36
A8: 46028 | B8: =IFERROR(IF('LT Panel Feeder Readings'!E9="","",'LT Panel Feeder Readings'!E9),"") -> 7997 | C8: =IFERROR(IF('LT Panel Feeder Readings'!W9="","",IF('LT Panel Feeder Readings'!W9="",0,'LT Panel Feeder Readings'!W9)+IF('LT Panel Feeder Readings'!Z9="",0,'LT Panel Feeder Readings'!Z9)),"") -> 191 | D8: =IFERROR(IF('LT Panel Feeder Readings'!BG9="","",IF('LT Panel Feeder Readings'!BG9="",0,'LT Panel Feeder Readings'!BG9)+IF('LT Panel Feeder Readings'!BJ9="",0,'LT Panel Feeder Readings'!BJ9)),"") -> 1372 | E8: =IF(B8="","",B8+IF(C8="",0,C8)+IF(D8="",0,D8)) -> 9560 | F8: =IFERROR(IF('Fuel Status'!E10="","",IF('Fuel Status'!E10="",0,'Fuel Status'!E10)+IF('Fuel Status'!J10="",0,'Fuel Status'!J10)+IF('Fuel Status'!O10="",0,'Fuel Status'!O10)),"") -> 0 | G8: =IF(B8="","",IF(MONTH(A8)<>MONTH(A7),B8,G7+B8)) -> 48073 | H8: =IF(C8="","",IF(MONTH(A8)<>MONTH(A7),C8,H7+C8)) -> 732 | I8: =IF(D8="","",IF(MONTH(A8)<>MONTH(A7),D8,I7+D8)) -> 9032 | J8: =IF(E8="","",IF(MONTH(A8)<>MONTH(A7),E8,J7+E8)) -> 57837 | K8: =(M8*'Site Information'!$B$9)/DAY(EOMONTH(A$3,0)) -> 10019.201 | L8: =IF(K8="","",IF(MONTH(A8)<>MONTH(A7),K8,L7+K8)) -> 60115.204 | M8: {=IF(A8="","",INDEX('Site Information'!$B$26:$B$37,MONTH(A8)))} -> 0.26 | N8: =E8*M8/K8 -> 0.24808366 | O8: =J8*M8/L8 -> 0.2501467 | P8: =IFERROR(IF('Raw Water'!U9="","",'Raw Water'!U9),"") -> 45 | Q8: =IFERROR(IF(STP!U9="","",STP!U9),"") -> 48 | R8: =IFERROR(IF(STP!V9="","",STP!V9),"") -> 43 | S8: =IF(P8="","",P8) -> 45
A9: 46029 | B9: =IFERROR(IF('LT Panel Feeder Readings'!E10="","",'LT Panel Feeder Readings'!E10),"") -> 8212 | C9: =IFERROR(IF('LT Panel Feeder Readings'!W10="","",IF('LT Panel Feeder Readings'!W10="",0,'LT Panel Feeder Readings'!W10)+IF('LT Panel Feeder Readings'!Z10="",0,'LT Panel Feeder Readings'!Z10)),"") -> 0 | D9: =IFERROR(IF('LT Panel Feeder Readings'!BG10="","",IF('LT Panel Feeder Readings'!BG10="",0,'LT Panel Feeder Readings'!BG10)+IF('LT Panel Feeder Readings'!BJ10="",0,'LT Panel Feeder Readings'!BJ10)),"") -> 1540 | E9: =IF(B9="","",B9+IF(C9="",0,C9)+IF(D9="",0,D9)) -> 9752 | F9: =IFERROR(IF('Fuel Status'!E11="","",IF('Fuel Status'!E11="",0,'Fuel Status'!E11)+IF('Fuel Status'!J11="",0,'Fuel Status'!J11)+IF('Fuel Status'!O11="",0,'Fuel Status'!O11)),"") -> 180 | G9: =IF(B9="","",IF(MONTH(A9)<>MONTH(A8),B9,G8+B9)) -> 56285 | H9: =IF(C9="","",IF(MONTH(A9)<>MONTH(A8),C9,H8+C9)) -> 732 | I9: =IF(D9="","",IF(MONTH(A9)<>MONTH(A8),D9,I8+D9)) -> 10572 | J9: =IF(E9="","",IF(MONTH(A9)<>MONTH(A8),E9,J8+E9)) -> 67589 | K9: =(M9*'Site Information'!$B$9)/DAY(EOMONTH(A$3,0)) -> 10019.201 | L9: =IF(K9="","",IF(MONTH(A9)<>MONTH(A8),K9,L8+K9)) -> 70134.405 | M9: {=IF(A9="","",INDEX('Site Information'!$B$26:$B$37,MONTH(A9)))} -> 0.26 | N9: =E9*M9/K9 -> 0.2530661 | O9: =J9*M9/L9 -> 0.25056376 | P9: =IFERROR(IF('Raw Water'!U10="","",'Raw Water'!U10),"") -> 27 | Q9: =IFERROR(IF(STP!U10="","",STP!U10),"") -> 55 | R9: =IFERROR(IF(STP!V10="","",STP!V10),"") -> 50 | S9: =IF(P9="","",P9) -> 27
A10: 46030 | B10: =IFERROR(IF('LT Panel Feeder Readings'!E11="","",'LT Panel Feeder Readings'!E11),"") -> 7624 | C10: =IFERROR(IF('LT Panel Feeder Readings'!W11="","",IF('LT Panel Feeder Readings'!W11="",0,'LT Panel Feeder Readings'!W11)+IF('LT Panel Feeder Readings'!Z11="",0,'LT Panel Feeder Readings'!Z11)),"") -> 228 | D10: =IFERROR(IF('LT Panel Feeder Readings'!BG11="","",IF('LT Panel Feeder Readings'!BG11="",0,'LT Panel Feeder Readings'!BG11)+IF('LT Panel Feeder Readings'!BJ11="",0,'LT Panel Feeder Readings'!BJ11)),"") -> 1712 | E10: =IF(B10="","",B10+IF(C10="",0,C10)+IF(D10="",0,D10)) -> 9564 | F10: =IFERROR(IF('Fuel Status'!E12="","",IF('Fuel Status'!E12="",0,'Fuel Status'!E12)+IF('Fuel Status'!J12="",0,'Fuel Status'!J12)+IF('Fuel Status'!O12="",0,'Fuel Status'!O12)),"") -> 60 | G10: =IF(B10="","",IF(MONTH(A10)<>MONTH(A9),B10,G9+B10)) -> 63909 | H10: =IF(C10="","",IF(MONTH(A10)<>MONTH(A9),C10,H9+C10)) -> 960 | I10: =IF(D10="","",IF(MONTH(A10)<>MONTH(A9),D10,I9+D10)) -> 12284 | J10: =IF(E10="","",IF(MONTH(A10)<>MONTH(A9),E10,J9+E10)) -> 77153 | K10: =(M10*'Site Information'!$B$9)/DAY(EOMONTH(A$3,0)) -> 10019.201 | L10: =IF(K10="","",IF(MONTH(A10)<>MONTH(A9),K10,L9+K10)) -> 80153.605 | M10: {=IF(A10="","",INDEX('Site Information'!$B$26:$B$37,MONTH(A10)))} -> 0.26 | N10: =E10*M10/K10 -> 0.24818746 | O10: =J10*M10/L10 -> 0.25026672 | P10: =IFERROR(IF('Raw Water'!U11="","",'Raw Water'!U11),"") -> 29 | Q10: =IFERROR(IF(STP!U11="","",STP!U11),"") -> 50 | R10: =IFERROR(IF(STP!V11="","",STP!V11),"") -> 45 | S10: =IF(P10="","",P10) -> 29
A11: 46031 | B11: =IFERROR(IF('LT Panel Feeder Readings'!E12="","",'LT Panel Feeder Readings'!E12),"") -> 7496 | C11: =IFERROR(IF('LT Panel Feeder Readings'!W12="","",IF('LT Panel Feeder Readings'!W12="",0,'LT Panel Feeder Readings'!W12)+IF('LT Panel Feeder Readings'!Z12="",0,'LT Panel Feeder Readings'!Z12)),"") -> 151 | D11: =IFERROR(IF('LT Panel Feeder Readings'!BG12="","",IF('LT Panel Feeder Readings'!BG12="",0,'LT Panel Feeder Readings'!BG12)+IF('LT Panel Feeder Readings'!BJ12="",0,'LT Panel Feeder Readings'!BJ12)),"") -> 1835 | E11: =IF(B11="","",B11+IF(C11="",0,C11)+IF(D11="",0,D11)) -> 9482 | F11: =IFERROR(IF('Fuel Status'!E13="","",IF('Fuel Status'!E13="",0,'Fuel Status'!E13)+IF('Fuel Status'!J13="",0,'Fuel Status'!J13)+IF('Fuel Status'!O13="",0,'Fuel Status'!O13)),"") -> 0 | G11: =IF(B11="","",IF(MONTH(A11)<>MONTH(A10),B11,G10+B11)) -> 71405 | H11: =IF(C11="","",IF(MONTH(A11)<>MONTH(A10),C11,H10+C11)) -> 1111 | I11: =IF(D11="","",IF(MONTH(A11)<>MONTH(A10),D11,I10+D11)) -> 14119 | J11: =IF(E11="","",IF(MONTH(A11)<>MONTH(A10),E11,J10+E11)) -> 86635 | K11: =(M11*'Site Information'!$B$9)/DAY(EOMONTH(A$3,0)) -> 10019.201 | L11: =IF(K11="","",IF(MONTH(A11)<>MONTH(A10),K11,L10+K11)) -> 90172.806 | M11: {=IF(A11="","",INDEX('Site Information'!$B$26:$B$37,MONTH(A11)))} -> 0.26 | N11: =E11*M11/K11 -> 0.24605955 | O11: =J11*M11/L11 -> 0.24979926 | P11: =IFERROR(IF('Raw Water'!U12="","",'Raw Water'!U12),"") -> 67 | Q11: =IFERROR(IF(STP!U12="","",STP!U12),"") -> 48 | R11: =IFERROR(IF(STP!V12="","",STP!V12),"") -> 42 | S11: =IF(P11="","",P11) -> 67
A12: 46032 | B12: =IFERROR(IF('LT Panel Feeder Readings'!E13="","",'LT Panel Feeder Readings'!E13),"") -> 7013 | C12: =IFERROR(IF('LT Panel Feeder Readings'!W13="","",IF('LT Panel Feeder Readings'!W13="",0,'LT Panel Feeder Readings'!W13)+IF('LT Panel Feeder Readings'!Z13="",0,'LT Panel Feeder Readings'!Z13)),"") -> 0 | D12: =IFERROR(IF('LT Panel Feeder Readings'!BG13="","",IF('LT Panel Feeder Readings'!BG13="",0,'LT Panel Feeder Readings'!BG13)+IF('LT Panel Feeder Readings'!BJ13="",0,'LT Panel Feeder Readings'!BJ13)),"") -> 2300 | E12: =IF(B12="","",B12+IF(C12="",0,C12)+IF(D12="",0,D12)) -> 9313 | F12: =IFERROR(IF('Fuel Status'!E14="","",IF('Fuel Status'!E14="",0,'Fuel Status'!E14)+IF('Fuel Status'!J14="",0,'Fuel Status'!J14)+IF('Fuel Status'!O14="",0,'Fuel Status'!O14)),"") -> 0 | G12: =IF(B12="","",IF(MONTH(A12)<>MONTH(A11),B12,G11+B12)) -> 78418 | H12: =IF(C12="","",IF(MONTH(A12)<>MONTH(A11),C12,H11+C12)) -> 1111 | I12: =IF(D12="","",IF(MONTH(A12)<>MONTH(A11),D12,I11+D12)) -> 16419 | J12: =IF(E12="","",IF(MONTH(A12)<>MONTH(A11),E12,J11+E12)) -> 95948 | K12: =(M12*'Site Information'!$B$9)/DAY(EOMONTH(A$3,0)) -> 10019.201 | L12: =IF(K12="","",IF(MONTH(A12)<>MONTH(A11),K12,L11+K12)) -> 100192.01 | M12: {=IF(A12="","",INDEX('Site Information'!$B$26:$B$37,MONTH(A12)))} -> 0.26 | N12: =E12*M12/K12 -> 0.24167397 | O12: =J12*M12/L12 -> 0.24898673 | P12: =IFERROR(IF('Raw Water'!U13="","",'Raw Water'!U13),"") -> 44 | Q12: =IFERROR(IF(STP!U13="","",STP!U13),"") -> 50 | R12: =IFERROR(IF(STP!V13="","",STP!V13),"") -> 44 | S12: =IF(P12="","",P12) -> 44
A13: 46033 | B13: =IFERROR(IF('LT Panel Feeder Readings'!E14="","",'LT Panel Feeder Readings'!E14),"") -> 6849 | C13: =IFERROR(IF('LT Panel Feeder Readings'!W14="","",IF('LT Panel Feeder Readings'!W14="",0,'LT Panel Feeder Readings'!W14)+IF('LT Panel Feeder Readings'!Z14="",0,'LT Panel Feeder Readings'!Z14)),"") -> 0 | D13: =IFERROR(IF('LT Panel Feeder Readings'!BG14="","",IF('LT Panel Feeder Readings'!BG14="",0,'LT Panel Feeder Readings'!BG14)+IF('LT Panel Feeder Readings'!BJ14="",0,'LT Panel Feeder Readings'!BJ14)),"") -> 2226 | E13: =IF(B13="","",B13+IF(C13="",0,C13)+IF(D13="",0,D13)) -> 9075 | F13: =IFERROR(IF('Fuel Status'!E15="","",IF('Fuel Status'!E15="",0,'Fuel Status'!E15)+IF('Fuel Status'!J15="",0,'Fuel Status'!J15)+IF('Fuel Status'!O15="",0,'Fuel Status'!O15)),"") -> 55 | G13: =IF(B13="","",IF(MONTH(A13)<>MONTH(A12),B13,G12+B13)) -> 85267 | H13: =IF(C13="","",IF(MONTH(A13)<>MONTH(A12),C13,H12+C13)) -> 1111 | I13: =IF(D13="","",IF(MONTH(A13)<>MONTH(A12),D13,I12+D13)) -> 18645 | J13: =IF(E13="","",IF(MONTH(A13)<>MONTH(A12),E13,J12+E13)) -> 105023 | K13: =(M13*'Site Information'!$B$9)/DAY(EOMONTH(A$3,0)) -> 10019.201 | L13: =IF(K13="","",IF(MONTH(A13)<>MONTH(A12),K13,L12+K13)) -> 110211.21 | M13: {=IF(A13="","",INDEX('Site Information'!$B$26:$B$37,MONTH(A13)))} -> 0.26 | N13: =E13*M13/K13 -> 0.23549783 | O13: =J13*M13/L13 -> 0.24776047 | P13: =IFERROR(IF('Raw Water'!U14="","",'Raw Water'!U14),"") -> 35 | Q13: =IFERROR(IF(STP!U14="","",STP!U14),"") -> 52 | R13: =IFERROR(IF(STP!V14="","",STP!V14),"") -> 46 | S13: =IF(P13="","",P13) -> 35
A14: 46034 | B14: =IFERROR(IF('LT Panel Feeder Readings'!E15="","",'LT Panel Feeder Readings'!E15),"") -> 6884 | C14: =IFERROR(IF('LT Panel Feeder Readings'!W15="","",IF('LT Panel Feeder Readings'!W15="",0,'LT Panel Feeder Readings'!W15)+IF('LT Panel Feeder Readings'!Z15="",0,'LT Panel Feeder Readings'!Z15)),"") -> 112 | D14: =IFERROR(IF('LT Panel Feeder Readings'!BG15="","",IF('LT Panel Feeder Readings'!BG15="",0,'LT Panel Feeder Readings'!BG15)+IF('LT Panel Feeder Readings'!BJ15="",0,'LT Panel Feeder Readings'!BJ15)),"") -> 2222 | E14: =IF(B14="","",B14+IF(C14="",0,C14)+IF(D14="",0,D14)) -> 9218 | F14: =IFERROR(IF('Fuel Status'!E16="","",IF('Fuel Status'!E16="",0,'Fuel Status'!E16)+IF('Fuel Status'!J16="",0,'Fuel Status'!J16)+IF('Fuel Status'!O16="",0,'Fuel Status'!O16)),"") -> 0 | G14: =IF(B14="","",IF(MONTH(A14)<>MONTH(A13),B14,G13+B14)) -> 92151 | H14: =IF(C14="","",IF(MONTH(A14)<>MONTH(A13),C14,H13+C14)) -> 1223 | I14: =IF(D14="","",IF(MONTH(A14)<>MONTH(A13),D14,I13+D14)) -> 20867 | J14: =IF(E14="","",IF(MONTH(A14)<>MONTH(A13),E14,J13+E14)) -> 114241 | K14: =(M14*'Site Information'!$B$9)/DAY(EOMONTH(A$3,0)) -> 10019.201 | L14: =IF(K14="","",IF(MONTH(A14)<>MONTH(A13),K14,L13+K14)) -> 120230.41 | M14: {=IF(A14="","",INDEX('Site Information'!$B$26:$B$37,MONTH(A14)))} -> 0.26 | N14: =E14*M14/K14 -> 0.2392087 | O14: =J14*M14/L14 -> 0.24704782 | P14: =IFERROR(IF('Raw Water'!U15="","",'Raw Water'!U15),"") -> 28 | Q14: =IFERROR(IF(STP!U15="","",STP!U15),"") -> 46 | R14: =IFERROR(IF(STP!V15="","",STP!V15),"") -> 39 | S14: =IF(P14="","",P14) -> 28
A15: 46035 | B15: =IFERROR(IF('LT Panel Feeder Readings'!E16="","",'LT Panel Feeder Readings'!E16),"") -> 6781 | C15: =IFERROR(IF('LT Panel Feeder Readings'!W16="","",IF('LT Panel Feeder Readings'!W16="",0,'LT Panel Feeder Readings'!W16)+IF('LT Panel Feeder Readings'!Z16="",0,'LT Panel Feeder Readings'!Z16)),"") -> 0 | D15: =IFERROR(IF('LT Panel Feeder Readings'!BG16="","",IF('LT Panel Feeder Readings'!BG16="",0,'LT Panel Feeder Readings'!BG16)+IF('LT Panel Feeder Readings'!BJ16="",0,'LT Panel Feeder Readings'!BJ16)),"") -> 2375 | E15: =IF(B15="","",B15+IF(C15="",0,C15)+IF(D15="",0,D15)) -> 9156 | F15: =IFERROR(IF('Fuel Status'!E17="","",IF('Fuel Status'!E17="",0,'Fuel Status'!E17)+IF('Fuel Status'!J17="",0,'Fuel Status'!J17)+IF('Fuel Status'!O17="",0,'Fuel Status'!O17)),"") -> 0 | G15: =IF(B15="","",IF(MONTH(A15)<>MONTH(A14),B15,G14+B15)) -> 98932 | H15: =IF(C15="","",IF(MONTH(A15)<>MONTH(A14),C15,H14+C15)) -> 1223 | I15: =IF(D15="","",IF(MONTH(A15)<>MONTH(A14),D15,I14+D15)) -> 23242 | J15: =IF(E15="","",IF(MONTH(A15)<>MONTH(A14),E15,J14+E15)) -> 123397 | K15: =(M15*'Site Information'!$B$9)/DAY(EOMONTH(A$3,0)) -> 10019.201 | L15: =IF(K15="","",IF(MONTH(A15)<>MONTH(A14),K15,L14+K15)) -> 130249.61 | M15: {=IF(A15="","",INDEX('Site Information'!$B$26:$B$37,MONTH(A15)))} -> 0.26 | N15: =E15*M15/K15 -> 0.23759979 | O15: =J15*M15/L15 -> 0.24632105 | P15: =IFERROR(IF('Raw Water'!U16="","",'Raw Water'!U16),"") -> 31 | Q15: =IFERROR(IF(STP!U16="","",STP!U16),"") -> 48 | R15: =IFERROR(IF(STP!V16="","",STP!V16),"") -> 42 | S15: =IF(P15="","",P15) -> 31
... A367: 46387 | B367: =IFERROR(IF('LT Panel Feeder Readings'!E368="","",'LT Panel Feeder Readings'!E368),"") | C367: =IFERROR(IF('LT Panel Feeder Readings'!W368="","",IF('LT Panel Feeder Readings'!W368="",0,'LT Panel Feeder Readings'!W368)+IF('LT Panel Feeder Readings'!Z368="",0,'LT Panel Feeder Readings'!Z368)),"") | D367: =IFERROR(IF('LT Panel Feeder Readings'!BG368="","",IF('LT Panel Feeder Readings'!BG368="",0,'LT Panel Feeder Readings'!BG368)+IF('LT Panel Feeder Readings'!BJ368="",0,'LT Panel Feeder Readings'!BJ368)),"") | E367: =IF(B367="","",B367+IF(C367="",0,C367)+IF(D367="",0,D367)) | F367: =IFERROR(IF('Fuel Status'!E369="","",IF('Fuel Status'!E369="",0,'Fuel Status'!E369)+IF('Fuel Status'!J369="",0,'Fuel Status'!J369)+IF('Fuel Status'!O369="",0,'Fuel Status'!O369)),"") -> 0 | G367: =IF(B367="","",IF(MONTH(A367)<>MONTH(A366),B367,G366+B367)) | H367: =IF(C367="","",IF(MONTH(A367)<>MONTH(A366),C367,H366+C367)) | I367: =IF(D367="","",IF(MONTH(A367)<>MONTH(A366),D367,I366+D367)) | J367: =IF(E367="","",IF(MONTH(A367)<>MONTH(A366),E367,J366+E367)) | K367: =(M367*'Site Information'!$B$9)/DAY(EOMONTH(A$3,0)) -> 18496.986 | L367: =IF(K367="","",IF(MONTH(A367)<>MONTH(A366),K367,L366+K367)) -> 573406.56 | M367: {=IF(A367="","",INDEX('Site Information'!$B$26:$B$37,MONTH(A367)))} -> 0.48 | N367: =E367*M367/K367 -> #VALUE! | O367: =J367*M367/L367 -> #VALUE! | P367: =IFERROR(IF('Raw Water'!U368="","",'Raw Water'!U368),"") | Q367: =IFERROR(IF(STP!U368="","",STP!U368),"") | R367: =IFERROR(IF(STP!V368="","",STP!V368),"") | S367: =IF(P367="","",P367)
A368: 46388 | B368: =IFERROR(IF('LT Panel Feeder Readings'!E369="","",'LT Panel Feeder Readings'!E369),"") | C368: =IFERROR(IF('LT Panel Feeder Readings'!W369="","",IF('LT Panel Feeder Readings'!W369="",0,'LT Panel Feeder Readings'!W369)+IF('LT Panel Feeder Readings'!Z369="",0,'LT Panel Feeder Readings'!Z369)),"") | D368: =IFERROR(IF('LT Panel Feeder Readings'!BG369="","",IF('LT Panel Feeder Readings'!BG369="",0,'LT Panel Feeder Readings'!BG369)+IF('LT Panel Feeder Readings'!BJ369="",0,'LT Panel Feeder Readings'!BJ369)),"") | E368: =IF(B368="","",B368+IF(C368="",0,C368)+IF(D368="",0,D368)) | F368: =IFERROR(IF('Fuel Status'!E370="","",IF('Fuel Status'!E370="",0,'Fuel Status'!E370)+IF('Fuel Status'!J370="",0,'Fuel Status'!J370)+IF('Fuel Status'!O370="",0,'Fuel Status'!O370)),"") -> 0 | G368: =IF(B368="","",IF(MONTH(A368)<>MONTH(A367),B368,G367+B368)) | H368: =IF(C368="","",IF(MONTH(A368)<>MONTH(A367),C368,H367+C368)) | I368: =IF(D368="","",IF(MONTH(A368)<>MONTH(A367),D368,I367+D368)) | J368: =IF(E368="","",IF(MONTH(A368)<>MONTH(A367),E368,J367+E368)) | N368: =E368*M368/K368 -> #VALUE! | O368: =J368*M368/L368 -> #VALUE! | P368: =IFERROR(IF('Raw Water'!U369="","",'Raw Water'!U369),"") | Q368: =IFERROR(IF(STP!U369="","",STP!U369),"") | R368: =IFERROR(IF(STP!V369="","",STP!V369),"") | S368: =IF(P368="","",P368)
A369: 46389 | B369: =IFERROR(IF('LT Panel Feeder Readings'!E370="","",'LT Panel Feeder Readings'!E370),"") | C369: =IFERROR(IF('LT Panel Feeder Readings'!W370="","",IF('LT Panel Feeder Readings'!W370="",0,'LT Panel Feeder Readings'!W370)+IF('LT Panel Feeder Readings'!Z370="",0,'LT Panel Feeder Readings'!Z370)),"") | D369: =IFERROR(IF('LT Panel Feeder Readings'!BG370="","",IF('LT Panel Feeder Readings'!BG370="",0,'LT Panel Feeder Readings'!BG370)+IF('LT Panel Feeder Readings'!BJ370="",0,'LT Panel Feeder Readings'!BJ370)),"") | E369: =IF(B369="","",B369+IF(C369="",0,C369)+IF(D369="",0,D369)) | F369: =IFERROR(IF('Fuel Status'!E371="","",IF('Fuel Status'!E371="",0,'Fuel Status'!E371)+IF('Fuel Status'!J371="",0,'Fuel Status'!J371)+IF('Fuel Status'!O371="",0,'Fuel Status'!O371)),"") -> 0 | G369: =IF(B369="","",IF(MONTH(A369)<>MONTH(A368),B369,G368+B369)) | H369: =IF(C369="","",IF(MONTH(A369)<>MONTH(A368),C369,H368+C369)) | I369: =IF(D369="","",IF(MONTH(A369)<>MONTH(A368),D369,I368+D369)) | J369: =IF(E369="","",IF(MONTH(A369)<>MONTH(A368),E369,J368+E369)) | N369: =E369*M369/K369 -> #VALUE! | O369: =J369*M369/L369 -> #VALUE! | P369: =IFERROR(IF('Raw Water'!U370="","",'Raw Water'!U370),"") | Q369: =IFERROR(IF(STP!U370="","",STP!U370),"") | R369: =IFERROR(IF(STP!V370="","",STP!V370),"") | S369: =IF(P369="","",P369)
A370: 46390 | B370: =IFERROR(IF('LT Panel Feeder Readings'!E371="","",'LT Panel Feeder Readings'!E371),"") | C370: =IFERROR(IF('LT Panel Feeder Readings'!W371="","",IF('LT Panel Feeder Readings'!W371="",0,'LT Panel Feeder Readings'!W371)+IF('LT Panel Feeder Readings'!Z371="",0,'LT Panel Feeder Readings'!Z371)),"") | D370: =IFERROR(IF('LT Panel Feeder Readings'!BG371="","",IF('LT Panel Feeder Readings'!BG371="",0,'LT Panel Feeder Readings'!BG371)+IF('LT Panel Feeder Readings'!BJ371="",0,'LT Panel Feeder Readings'!BJ371)),"") | E370: =IF(B370="","",B370+IF(C370="",0,C370)+IF(D370="",0,D370)) | F370: =IFERROR(IF('Fuel Status'!E372="","",IF('Fuel Status'!E372="",0,'Fuel Status'!E372)+IF('Fuel Status'!J372="",0,'Fuel Status'!J372)+IF('Fuel Status'!O372="",0,'Fuel Status'!O372)),"") -> 0 | G370: =IF(B370="","",IF(MONTH(A370)<>MONTH(A369),B370,G369+B370)) | H370: =IF(C370="","",IF(MONTH(A370)<>MONTH(A369),C370,H369+C370)) | I370: =IF(D370="","",IF(MONTH(A370)<>MONTH(A369),D370,I369+D370)) | J370: =IF(E370="","",IF(MONTH(A370)<>MONTH(A369),E370,J369+E370)) | N370: =E370*M370/K370 -> #VALUE! | O370: =J370*M370/L370 -> #VALUE! | P370: =IFERROR(IF('Raw Water'!U371="","",'Raw Water'!U371),"") | Q370: =IFERROR(IF(STP!U371="","",STP!U371),"") | R370: =IFERROR(IF(STP!V371="","",STP!V371),"") | S370: =IF(P370="","",P370)
A371: 46391 | B371: =IFERROR(IF('LT Panel Feeder Readings'!E372="","",'LT Panel Feeder Readings'!E372),"") | C371: =IFERROR(IF('LT Panel Feeder Readings'!W372="","",IF('LT Panel Feeder Readings'!W372="",0,'LT Panel Feeder Readings'!W372)+IF('LT Panel Feeder Readings'!Z372="",0,'LT Panel Feeder Readings'!Z372)),"") | D371: =IFERROR(IF('LT Panel Feeder Readings'!BG372="","",IF('LT Panel Feeder Readings'!BG372="",0,'LT Panel Feeder Readings'!BG372)+IF('LT Panel Feeder Readings'!BJ372="",0,'LT Panel Feeder Readings'!BJ372)),"") | E371: =IF(B371="","",B371+IF(C371="",0,C371)+IF(D371="",0,D371)) | F371: =IFERROR(IF('Fuel Status'!E373="","",IF('Fuel Status'!E373="",0,'Fuel Status'!E373)+IF('Fuel Status'!J373="",0,'Fuel Status'!J373)+IF('Fuel Status'!O373="",0,'Fuel Status'!O373)),"") -> 0 | G371: =IF(B371="","",IF(MONTH(A371)<>MONTH(A370),B371,G370+B371)) | H371: =IF(C371="","",IF(MONTH(A371)<>MONTH(A370),C371,H370+C371)) | I371: =IF(D371="","",IF(MONTH(A371)<>MONTH(A370),D371,I370+D371)) | J371: =IF(E371="","",IF(MONTH(A371)<>MONTH(A370),E371,J370+E371)) | N371: =E371*M371/K371 -> #VALUE! | O371: =J371*M371/L371 -> #VALUE! | P371: =IFERROR(IF('Raw Water'!U372="","",'Raw Water'!U372),"") | Q371: =IFERROR(IF(STP!U372="","",STP!U372),"") | R371: =IFERROR(IF(STP!V372="","",STP!V372),"") | S371: =IF(P371="","",P371)
A372: 46392 | B372: =IFERROR(IF('LT Panel Feeder Readings'!E373="","",'LT Panel Feeder Readings'!E373),"") | C372: =IFERROR(IF('LT Panel Feeder Readings'!W373="","",IF('LT Panel Feeder Readings'!W373="",0,'LT Panel Feeder Readings'!W373)+IF('LT Panel Feeder Readings'!Z373="",0,'LT Panel Feeder Readings'!Z373)),"") | D372: =IFERROR(IF('LT Panel Feeder Readings'!BG373="","",IF('LT Panel Feeder Readings'!BG373="",0,'LT Panel Feeder Readings'!BG373)+IF('LT Panel Feeder Readings'!BJ373="",0,'LT Panel Feeder Readings'!BJ373)),"") | E372: =IF(B372="","",B372+IF(C372="",0,C372)+IF(D372="",0,D372)) | F372: =IFERROR(IF('Fuel Status'!E374="","",IF('Fuel Status'!E374="",0,'Fuel Status'!E374)+IF('Fuel Status'!J374="",0,'Fuel Status'!J374)+IF('Fuel Status'!O374="",0,'Fuel Status'!O374)),"") -> 0 | G372: =IF(B372="","",IF(MONTH(A372)<>MONTH(A371),B372,G371+B372)) | H372: =IF(C372="","",IF(MONTH(A372)<>MONTH(A371),C372,H371+C372)) | I372: =IF(D372="","",IF(MONTH(A372)<>MONTH(A371),D372,I371+D372)) | J372: =IF(E372="","",IF(MONTH(A372)<>MONTH(A371),E372,J371+E372)) | N372: =E372*M372/K372 -> #VALUE! | O372: =J372*M372/L372 -> #VALUE! | P372: =IFERROR(IF('Raw Water'!U373="","",'Raw Water'!U373),"") | Q372: =IFERROR(IF(STP!U373="","",STP!U373),"") | R372: =IFERROR(IF(STP!V373="","",STP!V373),"") | S372: =IF(P372="","",P372)
A373: 46393 | B373: =IFERROR(IF('LT Panel Feeder Readings'!E374="","",'LT Panel Feeder Readings'!E374),"") | C373: =IFERROR(IF('LT Panel Feeder Readings'!W374="","",IF('LT Panel Feeder Readings'!W374="",0,'LT Panel Feeder Readings'!W374)+IF('LT Panel Feeder Readings'!Z374="",0,'LT Panel Feeder Readings'!Z374)),"") | D373: =IFERROR(IF('LT Panel Feeder Readings'!BG374="","",IF('LT Panel Feeder Readings'!BG374="",0,'LT Panel Feeder Readings'!BG374)+IF('LT Panel Feeder Readings'!BJ374="",0,'LT Panel Feeder Readings'!BJ374)),"") | E373: =IF(B373="","",B373+IF(C373="",0,C373)+IF(D373="",0,D373)) | F373: =IFERROR(IF('Fuel Status'!E375="","",IF('Fuel Status'!E375="",0,'Fuel Status'!E375)+IF('Fuel Status'!J375="",0,'Fuel Status'!J375)+IF('Fuel Status'!O375="",0,'Fuel Status'!O375)),"") -> 0 | G373: =IF(B373="","",IF(MONTH(A373)<>MONTH(A372),B373,G372+B373)) | H373: =IF(C373="","",IF(MONTH(A373)<>MONTH(A372),C373,H372+C373)) | I373: =IF(D373="","",IF(MONTH(A373)<>MONTH(A372),D373,I372+D373)) | J373: =IF(E373="","",IF(MONTH(A373)<>MONTH(A372),E373,J372+E373)) | N373: =E373*M373/K373 -> #VALUE! | O373: =J373*M373/L373 -> #VALUE! | P373: =IFERROR(IF('Raw Water'!U374="","",'Raw Water'!U374),"") | Q373: =IFERROR(IF(STP!U374="","",STP!U374),"") | R373: =IFERROR(IF(STP!V374="","",STP!V374),"") | S373: =IF(P373="","",P373)
A374: 46394 | B374: =IFERROR(IF('LT Panel Feeder Readings'!E375="","",'LT Panel Feeder Readings'!E375),"") | C374: =IFERROR(IF('LT Panel Feeder Readings'!W375="","",IF('LT Panel Feeder Readings'!W375="",0,'LT Panel Feeder Readings'!W375)+IF('LT Panel Feeder Readings'!Z375="",0,'LT Panel Feeder Readings'!Z375)),"") | D374: =IFERROR(IF('LT Panel Feeder Readings'!BG375="","",IF('LT Panel Feeder Readings'!BG375="",0,'LT Panel Feeder Readings'!BG375)+IF('LT Panel Feeder Readings'!BJ375="",0,'LT Panel Feeder Readings'!BJ375)),"") | E374: =IF(B374="","",B374+IF(C374="",0,C374)+IF(D374="",0,D374)) | F374: =IFERROR(IF('Fuel Status'!E376="","",IF('Fuel Status'!E376="",0,'Fuel Status'!E376)+IF('Fuel Status'!J376="",0,'Fuel Status'!J376)+IF('Fuel Status'!O376="",0,'Fuel Status'!O376)),"") -> 0 | G374: =IF(B374="","",IF(MONTH(A374)<>MONTH(A373),B374,G373+B374)) | H374: =IF(C374="","",IF(MONTH(A374)<>MONTH(A373),C374,H373+C374)) | I374: =IF(D374="","",IF(MONTH(A374)<>MONTH(A373),D374,I373+D374)) | J374: =IF(E374="","",IF(MONTH(A374)<>MONTH(A373),E374,J373+E374)) | N374: =E374*M374/K374 -> #VALUE! | O374: =J374*M374/L374 -> #VALUE! | P374: =IFERROR(IF('Raw Water'!U375="","",'Raw Water'!U375),"") | Q374: =IFERROR(IF(STP!U375="","",STP!U375),"") | R374: =IFERROR(IF(STP!V375="","",STP!V375),"") | S374: =IF(P374="","",P374)
A375: 46395 | B375: =IFERROR(IF('LT Panel Feeder Readings'!E376="","",'LT Panel Feeder Readings'!E376),"") | C375: =IFERROR(IF('LT Panel Feeder Readings'!W376="","",IF('LT Panel Feeder Readings'!W376="",0,'LT Panel Feeder Readings'!W376)+IF('LT Panel Feeder Readings'!Z376="",0,'LT Panel Feeder Readings'!Z376)),"") | D375: =IFERROR(IF('LT Panel Feeder Readings'!BG376="","",IF('LT Panel Feeder Readings'!BG376="",0,'LT Panel Feeder Readings'!BG376)+IF('LT Panel Feeder Readings'!BJ376="",0,'LT Panel Feeder Readings'!BJ376)),"") | E375: =IF(B375="","",B375+IF(C375="",0,C375)+IF(D375="",0,D375)) | F375: =IFERROR(IF('Fuel Status'!E377="","",IF('Fuel Status'!E377="",0,'Fuel Status'!E377)+IF('Fuel Status'!J377="",0,'Fuel Status'!J377)+IF('Fuel Status'!O377="",0,'Fuel Status'!O377)),"") -> 0 | G375: =IF(B375="","",IF(MONTH(A375)<>MONTH(A374),B375,G374+B375)) | H375: =IF(C375="","",IF(MONTH(A375)<>MONTH(A374),C375,H374+C375)) | I375: =IF(D375="","",IF(MONTH(A375)<>MONTH(A374),D375,I374+D375)) | J375: =IF(E375="","",IF(MONTH(A375)<>MONTH(A374),E375,J374+E375)) | N375: =E375*M375/K375 -> #VALUE! | O375: =J375*M375/L375 -> #VALUE! | P375: =IFERROR(IF('Raw Water'!U376="","",'Raw Water'!U376),"") | Q375: =IFERROR(IF(STP!U376="","",STP!U376),"") | R375: =IFERROR(IF(STP!V376="","",STP!V376),"") | S375: =IF(P375="","",P375)
A376: 46396 | B376: =IFERROR(IF('LT Panel Feeder Readings'!E377="","",'LT Panel Feeder Readings'!E377),"") | C376: =IFERROR(IF('LT Panel Feeder Readings'!W377="","",IF('LT Panel Feeder Readings'!W377="",0,'LT Panel Feeder Readings'!W377)+IF('LT Panel Feeder Readings'!Z377="",0,'LT Panel Feeder Readings'!Z377)),"") | D376: =IFERROR(IF('LT Panel Feeder Readings'!BG377="","",IF('LT Panel Feeder Readings'!BG377="",0,'LT Panel Feeder Readings'!BG377)+IF('LT Panel Feeder Readings'!BJ377="",0,'LT Panel Feeder Readings'!BJ377)),"") | E376: =IF(B376="","",B376+IF(C376="",0,C376)+IF(D376="",0,D376)) | F376: =IFERROR(IF('Fuel Status'!E378="","",IF('Fuel Status'!E378="",0,'Fuel Status'!E378)+IF('Fuel Status'!J378="",0,'Fuel Status'!J378)+IF('Fuel Status'!O378="",0,'Fuel Status'!O378)),"") -> 0 | G376: =IF(B376="","",IF(MONTH(A376)<>MONTH(A375),B376,G375+B376)) | H376: =IF(C376="","",IF(MONTH(A376)<>MONTH(A375),C376,H375+C376)) | I376: =IF(D376="","",IF(MONTH(A376)<>MONTH(A375),D376,I375+D376)) | J376: =IF(E376="","",IF(MONTH(A376)<>MONTH(A375),E376,J375+E376)) | N376: =E376*M376/K376 -> #VALUE! | O376: =J376*M376/L376 -> #VALUE! | P376: =IFERROR(IF('Raw Water'!U377="","",'Raw Water'!U377),"") | Q376: =IFERROR(IF(STP!U377="","",STP!U377),"") | R376: =IFERROR(IF(STP!V377="","",STP!V377),"") | S376: =IF(P376="","",P376)
A377: 46397 | B377: =IFERROR(IF('LT Panel Feeder Readings'!E378="","",'LT Panel Feeder Readings'!E378),"") | C377: =IFERROR(IF('LT Panel Feeder Readings'!W378="","",IF('LT Panel Feeder Readings'!W378="",0,'LT Panel Feeder Readings'!W378)+IF('LT Panel Feeder Readings'!Z378="",0,'LT Panel Feeder Readings'!Z378)),"") | D377: =IFERROR(IF('LT Panel Feeder Readings'!BG378="","",IF('LT Panel Feeder Readings'!BG378="",0,'LT Panel Feeder Readings'!BG378)+IF('LT Panel Feeder Readings'!BJ378="",0,'LT Panel Feeder Readings'!BJ378)),"") | E377: =IF(B377="","",B377+IF(C377="",0,C377)+IF(D377="",0,D377)) | F377: =IFERROR(IF('Fuel Status'!E379="","",IF('Fuel Status'!E379="",0,'Fuel Status'!E379)+IF('Fuel Status'!J379="",0,'Fuel Status'!J379)+IF('Fuel Status'!O379="",0,'Fuel Status'!O379)),"") -> 0 | G377: =IF(B377="","",IF(MONTH(A377)<>MONTH(A376),B377,G376+B377)) | H377: =IF(C377="","",IF(MONTH(A377)<>MONTH(A376),C377,H376+C377)) | I377: =IF(D377="","",IF(MONTH(A377)<>MONTH(A376),D377,I376+D377)) | J377: =IF(E377="","",IF(MONTH(A377)<>MONTH(A376),E377,J376+E377)) | N377: =E377*M377/K377 -> #VALUE! | O377: =J377*M377/L377 -> #VALUE! | P377: =IFERROR(IF('Raw Water'!U378="","",'Raw Water'!U378),"") | Q377: =IFERROR(IF(STP!U378="","",STP!U378),"") | R377: =IFERROR(IF(STP!V378="","",STP!V378),"") | S377: =IF(P377="","",P377)
A378: 46398 | B378: =IFERROR(IF('LT Panel Feeder Readings'!E379="","",'LT Panel Feeder Readings'!E379),"") | C378: =IFERROR(IF('LT Panel Feeder Readings'!W379="","",IF('LT Panel Feeder Readings'!W379="",0,'LT Panel Feeder Readings'!W379)+IF('LT Panel Feeder Readings'!Z379="",0,'LT Panel Feeder Readings'!Z379)),"") | D378: =IFERROR(IF('LT Panel Feeder Readings'!BG379="","",IF('LT Panel Feeder Readings'!BG379="",0,'LT Panel Feeder Readings'!BG379)+IF('LT Panel Feeder Readings'!BJ379="",0,'LT Panel Feeder Readings'!BJ379)),"") | E378: =IF(B378="","",B378+IF(C378="",0,C378)+IF(D378="",0,D378)) | F378: =IFERROR(IF('Fuel Status'!E380="","",IF('Fuel Status'!E380="",0,'Fuel Status'!E380)+IF('Fuel Status'!J380="",0,'Fuel Status'!J380)+IF('Fuel Status'!O380="",0,'Fuel Status'!O380)),"") -> 0 | G378: =IF(B378="","",IF(MONTH(A378)<>MONTH(A377),B378,G377+B378)) | H378: =IF(C378="","",IF(MONTH(A378)<>MONTH(A377),C378,H377+C378)) | I378: =IF(D378="","",IF(MONTH(A378)<>MONTH(A377),D378,I377+D378)) | J378: =IF(E378="","",IF(MONTH(A378)<>MONTH(A377),E378,J377+E378)) | N378: =E378*M378/K378 -> #VALUE! | O378: =J378*M378/L378 -> #VALUE! | P378: =IFERROR(IF('Raw Water'!U379="","",'Raw Water'!U379),"") | Q378: =IFERROR(IF(STP!U379="","",STP!U379),"") | R378: =IFERROR(IF(STP!V379="","",STP!V379),"") | S378: =IF(P378="","",P378)
A379: 46399 | B379: =IFERROR(IF('LT Panel Feeder Readings'!E380="","",'LT Panel Feeder Readings'!E380),"") | C379: =IFERROR(IF('LT Panel Feeder Readings'!W380="","",IF('LT Panel Feeder Readings'!W380="",0,'LT Panel Feeder Readings'!W380)+IF('LT Panel Feeder Readings'!Z380="",0,'LT Panel Feeder Readings'!Z380)),"") | D379: =IFERROR(IF('LT Panel Feeder Readings'!BG380="","",IF('LT Panel Feeder Readings'!BG380="",0,'LT Panel Feeder Readings'!BG380)+IF('LT Panel Feeder Readings'!BJ380="",0,'LT Panel Feeder Readings'!BJ380)),"") | E379: =IF(B379="","",B379+IF(C379="",0,C379)+IF(D379="",0,D379)) | F379: =IFERROR(IF('Fuel Status'!E381="","",IF('Fuel Status'!E381="",0,'Fuel Status'!E381)+IF('Fuel Status'!J381="",0,'Fuel Status'!J381)+IF('Fuel Status'!O381="",0,'Fuel Status'!O381)),"") -> 0 | G379: =IF(B379="","",IF(MONTH(A379)<>MONTH(A378),B379,G378+B379)) | H379: =IF(C379="","",IF(MONTH(A379)<>MONTH(A378),C379,H378+C379)) | I379: =IF(D379="","",IF(MONTH(A379)<>MONTH(A378),D379,I378+D379)) | J379: =IF(E379="","",IF(MONTH(A379)<>MONTH(A378),E379,J378+E379)) | N379: =E379*M379/K379 -> #VALUE! | O379: =J379*M379/L379 -> #VALUE! | P379: =IFERROR(IF('Raw Water'!U380="","",'Raw Water'!U380),"") | Q379: =IFERROR(IF(STP!U380="","",STP!U380),"") | R379: =IFERROR(IF(STP!V380="","",STP!V380),"") | S379: =IF(P379="","",P379)
... A602: 46622 | B602: =IFERROR(IF('LT Panel Feeder Readings'!E603="","",'LT Panel Feeder Readings'!E603),"") | C602: =IFERROR(IF('LT Panel Feeder Readings'!W603="","",IF('LT Panel Feeder Readings'!W603="",0,'LT Panel Feeder Readings'!W603)+IF('LT Panel Feeder Readings'!Z603="",0,'LT Panel Feeder Readings'!Z603)),"") | D602: =IFERROR(IF('LT Panel Feeder Readings'!BG603="","",IF('LT Panel Feeder Readings'!BG603="",0,'LT Panel Feeder Readings'!BG603)+IF('LT Panel Feeder Readings'!BJ603="",0,'LT Panel Feeder Readings'!BJ603)),"") | E602: =IF(B602="","",B602+IF(C602="",0,C602)+IF(D602="",0,D602)) | F602: =IFERROR(IF('Fuel Status'!E604="","",IF('Fuel Status'!E604="",0,'Fuel Status'!E604)+IF('Fuel Status'!J604="",0,'Fuel Status'!J604)+IF('Fuel Status'!O604="",0,'Fuel Status'!O604)),"") -> 0 | G602: =IF(B602="","",IF(MONTH(A602)<>MONTH(A601),B602,G601+B602)) | H602: =IF(C602="","",IF(MONTH(A602)<>MONTH(A601),C602,H601+C602)) | I602: =IF(D602="","",IF(MONTH(A602)<>MONTH(A601),D602,I601+D602)) | J602: =IF(E602="","",IF(MONTH(A602)<>MONTH(A601),E602,J601+E602)) | N602: =E602*M602/K602 -> #VALUE! | O602: =J602*M602/L602 -> #VALUE! | P602: =IFERROR(IF('Raw Water'!U603="","",'Raw Water'!U603),"") | Q602: =IFERROR(IF(STP!U603="","",STP!U603),"") | R602: =IFERROR(IF(STP!V603="","",STP!V603),"") | S602: =IF(P602="","",P602)
A603: 46623 | B603: =IFERROR(IF('LT Panel Feeder Readings'!E604="","",'LT Panel Feeder Readings'!E604),"") | C603: =IFERROR(IF('LT Panel Feeder Readings'!W604="","",IF('LT Panel Feeder Readings'!W604="",0,'LT Panel Feeder Readings'!W604)+IF('LT Panel Feeder Readings'!Z604="",0,'LT Panel Feeder Readings'!Z604)),"") | D603: =IFERROR(IF('LT Panel Feeder Readings'!BG604="","",IF('LT Panel Feeder Readings'!BG604="",0,'LT Panel Feeder Readings'!BG604)+IF('LT Panel Feeder Readings'!BJ604="",0,'LT Panel Feeder Readings'!BJ604)),"") | E603: =IF(B603="","",B603+IF(C603="",0,C603)+IF(D603="",0,D603)) | F603: =IFERROR(IF('Fuel Status'!E605="","",IF('Fuel Status'!E605="",0,'Fuel Status'!E605)+IF('Fuel Status'!J605="",0,'Fuel Status'!J605)+IF('Fuel Status'!O605="",0,'Fuel Status'!O605)),"") -> 0 | G603: =IF(B603="","",IF(MONTH(A603)<>MONTH(A602),B603,G602+B603)) | H603: =IF(C603="","",IF(MONTH(A603)<>MONTH(A602),C603,H602+C603)) | I603: =IF(D603="","",IF(MONTH(A603)<>MONTH(A602),D603,I602+D603)) | J603: =IF(E603="","",IF(MONTH(A603)<>MONTH(A602),E603,J602+E603)) | N603: =E603*M603/K603 -> #VALUE! | O603: =IF(OR(J603="",L603="",L603=0),"",ROUND(J603/L603,4)) | P603: =IFERROR(IF('Raw Water'!U604="","",'Raw Water'!U604),"") | Q603: =IFERROR(IF(STP!U604="","",STP!U604),"") | R603: =IFERROR(IF(STP!V604="","",STP!V604),"") | S603: =IF(P603="","",P603)
A604: 46624 | B604: =IFERROR(IF('LT Panel Feeder Readings'!E605="","",'LT Panel Feeder Readings'!E605),"") | C604: =IFERROR(IF('LT Panel Feeder Readings'!W605="","",IF('LT Panel Feeder Readings'!W605="",0,'LT Panel Feeder Readings'!W605)+IF('LT Panel Feeder Readings'!Z605="",0,'LT Panel Feeder Readings'!Z605)),"") | D604: =IFERROR(IF('LT Panel Feeder Readings'!BG605="","",IF('LT Panel Feeder Readings'!BG605="",0,'LT Panel Feeder Readings'!BG605)+IF('LT Panel Feeder Readings'!BJ605="",0,'LT Panel Feeder Readings'!BJ605)),"") | E604: =IF(B604="","",B604+IF(C604="",0,C604)+IF(D604="",0,D604)) | F604: =IFERROR(IF('Fuel Status'!E606="","",IF('Fuel Status'!E606="",0,'Fuel Status'!E606)+IF('Fuel Status'!J606="",0,'Fuel Status'!J606)+IF('Fuel Status'!O606="",0,'Fuel Status'!O606)),"") -> 0 | G604: =IF(B604="","",IF(MONTH(A604)<>MONTH(A603),B604,G603+B604)) | H604: =IF(C604="","",IF(MONTH(A604)<>MONTH(A603),C604,H603+C604)) | I604: =IF(D604="","",IF(MONTH(A604)<>MONTH(A603),D604,I603+D604)) | J604: =IF(E604="","",IF(MONTH(A604)<>MONTH(A603),E604,J603+E604)) | N604: =E604*M604/K604 -> #VALUE! | O604: =IF(OR(J604="",L604="",L604=0),"",ROUND(J604/L604,4)) | P604: =IFERROR(IF('Raw Water'!U605="","",'Raw Water'!U605),"") | Q604: =IFERROR(IF(STP!U605="","",STP!U605),"") | R604: =IFERROR(IF(STP!V605="","",STP!V605),"") | S604: =IF(P604="","",P604)
A605: 46625 | B605: =IFERROR(IF('LT Panel Feeder Readings'!E606="","",'LT Panel Feeder Readings'!E606),"") | C605: =IFERROR(IF('LT Panel Feeder Readings'!W606="","",IF('LT Panel Feeder Readings'!W606="",0,'LT Panel Feeder Readings'!W606)+IF('LT Panel Feeder Readings'!Z606="",0,'LT Panel Feeder Readings'!Z606)),"") | D605: =IFERROR(IF('LT Panel Feeder Readings'!BG606="","",IF('LT Panel Feeder Readings'!BG606="",0,'LT Panel Feeder Readings'!BG606)+IF('LT Panel Feeder Readings'!BJ606="",0,'LT Panel Feeder Readings'!BJ606)),"") | E605: =IF(B605="","",B605+IF(C605="",0,C605)+IF(D605="",0,D605)) | F605: =IFERROR(IF('Fuel Status'!E607="","",IF('Fuel Status'!E607="",0,'Fuel Status'!E607)+IF('Fuel Status'!J607="",0,'Fuel Status'!J607)+IF('Fuel Status'!O607="",0,'Fuel Status'!O607)),"") -> 0 | G605: =IF(B605="","",IF(MONTH(A605)<>MONTH(A604),B605,G604+B605)) | H605: =IF(C605="","",IF(MONTH(A605)<>MONTH(A604),C605,H604+C605)) | I605: =IF(D605="","",IF(MONTH(A605)<>MONTH(A604),D605,I604+D605)) | J605: =IF(E605="","",IF(MONTH(A605)<>MONTH(A604),E605,J604+E605)) | N605: =E605*M605/K605 -> #VALUE! | O605: =IF(OR(J605="",L605="",L605=0),"",ROUND(J605/L605,4)) | P605: =IFERROR(IF('Raw Water'!U606="","",'Raw Water'!U606),"") | Q605: =IFERROR(IF(STP!U606="","",STP!U606),"") | R605: =IFERROR(IF(STP!V606="","",STP!V606),"") | S605: =IF(P605="","",P605)
A606: 46626 | B606: =IFERROR(IF('LT Panel Feeder Readings'!E607="","",'LT Panel Feeder Readings'!E607),"") | C606: =IFERROR(IF('LT Panel Feeder Readings'!W607="","",IF('LT Panel Feeder Readings'!W607="",0,'LT Panel Feeder Readings'!W607)+IF('LT Panel Feeder Readings'!Z607="",0,'LT Panel Feeder Readings'!Z607)),"") | D606: =IFERROR(IF('LT Panel Feeder Readings'!BG607="","",IF('LT Panel Feeder Readings'!BG607="",0,'LT Panel Feeder Readings'!BG607)+IF('LT Panel Feeder Readings'!BJ607="",0,'LT Panel Feeder Readings'!BJ607)),"") | E606: =IF(B606="","",B606+IF(C606="",0,C606)+IF(D606="",0,D606)) | F606: =IFERROR(IF('Fuel Status'!E608="","",IF('Fuel Status'!E608="",0,'Fuel Status'!E608)+IF('Fuel Status'!J608="",0,'Fuel Status'!J608)+IF('Fuel Status'!O608="",0,'Fuel Status'!O608)),"") -> 0 | G606: =IF(B606="","",IF(MONTH(A606)<>MONTH(A605),B606,G605+B606)) | H606: =IF(C606="","",IF(MONTH(A606)<>MONTH(A605),C606,H605+C606)) | I606: =IF(D606="","",IF(MONTH(A606)<>MONTH(A605),D606,I605+D606)) | J606: =IF(E606="","",IF(MONTH(A606)<>MONTH(A605),E606,J605+E606)) | N606: =E606*M606/K606 -> #VALUE! | O606: =IF(OR(J606="",L606="",L606=0),"",ROUND(J606/L606,4)) | P606: =IFERROR(IF('Raw Water'!U607="","",'Raw Water'!U607),"") | Q606: =IFERROR(IF(STP!U607="","",STP!U607),"") | R606: =IFERROR(IF(STP!V607="","",STP!V607),"") | S606: =IF(P606="","",P606)
A607: 46627 | B607: =IFERROR(IF('LT Panel Feeder Readings'!E608="","",'LT Panel Feeder Readings'!E608),"") | C607: =IFERROR(IF('LT Panel Feeder Readings'!W608="","",IF('LT Panel Feeder Readings'!W608="",0,'LT Panel Feeder Readings'!W608)+IF('LT Panel Feeder Readings'!Z608="",0,'LT Panel Feeder Readings'!Z608)),"") | D607: =IFERROR(IF('LT Panel Feeder Readings'!BG608="","",IF('LT Panel Feeder Readings'!BG608="",0,'LT Panel Feeder Readings'!BG608)+IF('LT Panel Feeder Readings'!BJ608="",0,'LT Panel Feeder Readings'!BJ608)),"") | E607: =IF(B607="","",B607+IF(C607="",0,C607)+IF(D607="",0,D607)) | F607: =IFERROR(IF('Fuel Status'!E609="","",IF('Fuel Status'!E609="",0,'Fuel Status'!E609)+IF('Fuel Status'!J609="",0,'Fuel Status'!J609)+IF('Fuel Status'!O609="",0,'Fuel Status'!O609)),"") -> 0 | G607: =IF(B607="","",IF(MONTH(A607)<>MONTH(A606),B607,G606+B607)) | H607: =IF(C607="","",IF(MONTH(A607)<>MONTH(A606),C607,H606+C607)) | I607: =IF(D607="","",IF(MONTH(A607)<>MONTH(A606),D607,I606+D607)) | J607: =IF(E607="","",IF(MONTH(A607)<>MONTH(A606),E607,J606+E607)) | N607: =E607*M607/K607 -> #VALUE! | O607: =IF(OR(J607="",L607="",L607=0),"",ROUND(J607/L607,4)) | P607: =IFERROR(IF('Raw Water'!U608="","",'Raw Water'!U608),"") | Q607: =IFERROR(IF(STP!U608="","",STP!U608),"") | R607: =IFERROR(IF(STP!V608="","",STP!V608),"") | S607: =IF(P607="","",P607)
A608: 46628 | B608: =IFERROR(IF('LT Panel Feeder Readings'!E609="","",'LT Panel Feeder Readings'!E609),"") | C608: =IFERROR(IF('LT Panel Feeder Readings'!W609="","",IF('LT Panel Feeder Readings'!W609="",0,'LT Panel Feeder Readings'!W609)+IF('LT Panel Feeder Readings'!Z609="",0,'LT Panel Feeder Readings'!Z609)),"") | D608: =IFERROR(IF('LT Panel Feeder Readings'!BG609="","",IF('LT Panel Feeder Readings'!BG609="",0,'LT Panel Feeder Readings'!BG609)+IF('LT Panel Feeder Readings'!BJ609="",0,'LT Panel Feeder Readings'!BJ609)),"") | E608: =IF(B608="","",B608+IF(C608="",0,C608)+IF(D608="",0,D608)) | F608: =IFERROR(IF('Fuel Status'!E610="","",IF('Fuel Status'!E610="",0,'Fuel Status'!E610)+IF('Fuel Status'!J610="",0,'Fuel Status'!J610)+IF('Fuel Status'!O610="",0,'Fuel Status'!O610)),"") -> 0 | G608: =IF(B608="","",IF(MONTH(A608)<>MONTH(A607),B608,G607+B608)) | H608: =IF(C608="","",IF(MONTH(A608)<>MONTH(A607),C608,H607+C608)) | I608: =IF(D608="","",IF(MONTH(A608)<>MONTH(A607),D608,I607+D608)) | J608: =IF(E608="","",IF(MONTH(A608)<>MONTH(A607),E608,J607+E608)) | N608: =E608*M608/K608 -> #VALUE! | O608: =IF(OR(J608="",L608="",L608=0),"",ROUND(J608/L608,4)) | P608: =IFERROR(IF('Raw Water'!U609="","",'Raw Water'!U609),"") | Q608: =IFERROR(IF(STP!U609="","",STP!U609),"") | R608: =IFERROR(IF(STP!V609="","",STP!V609),"") | S608: =IF(P608="","",P608)
A609: 46629 | B609: =IFERROR(IF('LT Panel Feeder Readings'!E610="","",'LT Panel Feeder Readings'!E610),"") | C609: =IFERROR(IF('LT Panel Feeder Readings'!W610="","",IF('LT Panel Feeder Readings'!W610="",0,'LT Panel Feeder Readings'!W610)+IF('LT Panel Feeder Readings'!Z610="",0,'LT Panel Feeder Readings'!Z610)),"") | D609: =IFERROR(IF('LT Panel Feeder Readings'!BG610="","",IF('LT Panel Feeder Readings'!BG610="",0,'LT Panel Feeder Readings'!BG610)+IF('LT Panel Feeder Readings'!BJ610="",0,'LT Panel Feeder Readings'!BJ610)),"") | E609: =IF(B609="","",B609+IF(C609="",0,C609)+IF(D609="",0,D609)) | F609: =IFERROR(IF('Fuel Status'!E611="","",IF('Fuel Status'!E611="",0,'Fuel Status'!E611)+IF('Fuel Status'!J611="",0,'Fuel Status'!J611)+IF('Fuel Status'!O611="",0,'Fuel Status'!O611)),"") -> 0 | G609: =IF(B609="","",IF(MONTH(A609)<>MONTH(A608),B609,G608+B609)) | H609: =IF(C609="","",IF(MONTH(A609)<>MONTH(A608),C609,H608+C609)) | I609: =IF(D609="","",IF(MONTH(A609)<>MONTH(A608),D609,I608+D609)) | J609: =IF(E609="","",IF(MONTH(A609)<>MONTH(A608),E609,J608+E609)) | N609: =E609*M609/K609 -> #VALUE! | O609: =IF(OR(J609="",L609="",L609=0),"",ROUND(J609/L609,4)) | P609: =IFERROR(IF('Raw Water'!U610="","",'Raw Water'!U610),"") | Q609: =IFERROR(IF(STP!U610="","",STP!U610),"") | R609: =IFERROR(IF(STP!V610="","",STP!V610),"") | S609: =IF(P609="","",P609)
A610: 46630 | B610: =IFERROR(IF('LT Panel Feeder Readings'!E611="","",'LT Panel Feeder Readings'!E611),"") | C610: =IFERROR(IF('LT Panel Feeder Readings'!W611="","",IF('LT Panel Feeder Readings'!W611="",0,'LT Panel Feeder Readings'!W611)+IF('LT Panel Feeder Readings'!Z611="",0,'LT Panel Feeder Readings'!Z611)),"") | D610: =IFERROR(IF('LT Panel Feeder Readings'!BG611="","",IF('LT Panel Feeder Readings'!BG611="",0,'LT Panel Feeder Readings'!BG611)+IF('LT Panel Feeder Readings'!BJ611="",0,'LT Panel Feeder Readings'!BJ611)),"") | E610: =IF(B610="","",B610+IF(C610="",0,C610)+IF(D610="",0,D610)) | F610: =IFERROR(IF('Fuel Status'!E612="","",IF('Fuel Status'!E612="",0,'Fuel Status'!E612)+IF('Fuel Status'!J612="",0,'Fuel Status'!J612)+IF('Fuel Status'!O612="",0,'Fuel Status'!O612)),"") -> 0 | G610: =IF(B610="","",IF(MONTH(A610)<>MONTH(A609),B610,G609+B610)) | H610: =IF(C610="","",IF(MONTH(A610)<>MONTH(A609),C610,H609+C610)) | I610: =IF(D610="","",IF(MONTH(A610)<>MONTH(A609),D610,I609+D610)) | J610: =IF(E610="","",IF(MONTH(A610)<>MONTH(A609),E610,J609+E610)) | N610: =E610*M610/K610 -> #VALUE! | O610: =IF(OR(J610="",L610="",L610=0),"",ROUND(J610/L610,4)) | P610: =IFERROR(IF('Raw Water'!U611="","",'Raw Water'!U611),"") | Q610: =IFERROR(IF(STP!U611="","",STP!U611),"") | R610: =IFERROR(IF(STP!V611="","",STP!V611),"") | S610: =IF(P610="","",P610)
A611: 46631 | B611: =IFERROR(IF('LT Panel Feeder Readings'!E612="","",'LT Panel Feeder Readings'!E612),"") | C611: =IFERROR(IF('LT Panel Feeder Readings'!W612="","",IF('LT Panel Feeder Readings'!W612="",0,'LT Panel Feeder Readings'!W612)+IF('LT Panel Feeder Readings'!Z612="",0,'LT Panel Feeder Readings'!Z612)),"") | D611: =IFERROR(IF('LT Panel Feeder Readings'!BG612="","",IF('LT Panel Feeder Readings'!BG612="",0,'LT Panel Feeder Readings'!BG612)+IF('LT Panel Feeder Readings'!BJ612="",0,'LT Panel Feeder Readings'!BJ612)),"") | E611: =IF(B611="","",B611+IF(C611="",0,C611)+IF(D611="",0,D611)) | F611: =IFERROR(IF('Fuel Status'!E613="","",IF('Fuel Status'!E613="",0,'Fuel Status'!E613)+IF('Fuel Status'!J613="",0,'Fuel Status'!J613)+IF('Fuel Status'!O613="",0,'Fuel Status'!O613)),"") -> 0 | G611: =IF(B611="","",IF(MONTH(A611)<>MONTH(A610),B611,G610+B611)) | H611: =IF(C611="","",IF(MONTH(A611)<>MONTH(A610),C611,H610+C611)) | I611: =IF(D611="","",IF(MONTH(A611)<>MONTH(A610),D611,I610+D611)) | J611: =IF(E611="","",IF(MONTH(A611)<>MONTH(A610),E611,J610+E611)) | N611: =E611*M611/K611 -> #VALUE! | O611: =IF(OR(J611="",L611="",L611=0),"",ROUND(J611/L611,4)) | P611: =IFERROR(IF('Raw Water'!U612="","",'Raw Water'!U612),"") | Q611: =IFERROR(IF(STP!U612="","",STP!U612),"") | R611: =IFERROR(IF(STP!V612="","",STP!V612),"") | S611: =IF(P611="","",P611)
A612: 46632 | B612: =IFERROR(IF('LT Panel Feeder Readings'!E613="","",'LT Panel Feeder Readings'!E613),"") | C612: =IFERROR(IF('LT Panel Feeder Readings'!W613="","",IF('LT Panel Feeder Readings'!W613="",0,'LT Panel Feeder Readings'!W613)+IF('LT Panel Feeder Readings'!Z613="",0,'LT Panel Feeder Readings'!Z613)),"") | D612: =IFERROR(IF('LT Panel Feeder Readings'!BG613="","",IF('LT Panel Feeder Readings'!BG613="",0,'LT Panel Feeder Readings'!BG613)+IF('LT Panel Feeder Readings'!BJ613="",0,'LT Panel Feeder Readings'!BJ613)),"") | E612: =IF(B612="","",B612+IF(C612="",0,C612)+IF(D612="",0,D612)) | F612: =IFERROR(IF('Fuel Status'!E614="","",IF('Fuel Status'!E614="",0,'Fuel Status'!E614)+IF('Fuel Status'!J614="",0,'Fuel Status'!J614)+IF('Fuel Status'!O614="",0,'Fuel Status'!O614)),"") -> 0 | G612: =IF(B612="","",IF(MONTH(A612)<>MONTH(A611),B612,G611+B612)) | H612: =IF(C612="","",IF(MONTH(A612)<>MONTH(A611),C612,H611+C612)) | I612: =IF(D612="","",IF(MONTH(A612)<>MONTH(A611),D612,I611+D612)) | J612: =IF(E612="","",IF(MONTH(A612)<>MONTH(A611),E612,J611+E612)) | N612: =E612*M612/K612 -> #VALUE! | O612: =IF(OR(J612="",L612="",L612=0),"",ROUND(J612/L612,4)) | P612: =IFERROR(IF('Raw Water'!U613="","",'Raw Water'!U613),"") | Q612: =IFERROR(IF(STP!U613="","",STP!U613),"") | R612: =IFERROR(IF(STP!V613="","",STP!V613),"") | S612: =IF(P612="","",P612)
A613: 46633 | B613: =IFERROR(IF('LT Panel Feeder Readings'!E614="","",'LT Panel Feeder Readings'!E614),"") | C613: =IFERROR(IF('LT Panel Feeder Readings'!W614="","",IF('LT Panel Feeder Readings'!W614="",0,'LT Panel Feeder Readings'!W614)+IF('LT Panel Feeder Readings'!Z614="",0,'LT Panel Feeder Readings'!Z614)),"") | D613: =IFERROR(IF('LT Panel Feeder Readings'!BG614="","",IF('LT Panel Feeder Readings'!BG614="",0,'LT Panel Feeder Readings'!BG614)+IF('LT Panel Feeder Readings'!BJ614="",0,'LT Panel Feeder Readings'!BJ614)),"") | E613: =IF(B613="","",B613+IF(C613="",0,C613)+IF(D613="",0,D613)) | F613: =IFERROR(IF('Fuel Status'!E615="","",IF('Fuel Status'!E615="",0,'Fuel Status'!E615)+IF('Fuel Status'!J615="",0,'Fuel Status'!J615)+IF('Fuel Status'!O615="",0,'Fuel Status'!O615)),"") -> 0 | G613: =IF(B613="","",IF(MONTH(A613)<>MONTH(A612),B613,G612+B613)) | H613: =IF(C613="","",IF(MONTH(A613)<>MONTH(A612),C613,H612+C613)) | I613: =IF(D613="","",IF(MONTH(A613)<>MONTH(A612),D613,I612+D613)) | J613: =IF(E613="","",IF(MONTH(A613)<>MONTH(A612),E613,J612+E613)) | N613: =E613*M613/K613 -> #VALUE! | O613: =IF(OR(J613="",L613="",L613=0),"",ROUND(J613/L613,4)) | P613: =IFERROR(IF('Raw Water'!U614="","",'Raw Water'!U614),"") | Q613: =IFERROR(IF(STP!U614="","",STP!U614),"") | R613: =IFERROR(IF(STP!V614="","",STP!V614),"") | S613: =IF(P613="","",P613)
A614: 46634 | B614: =IFERROR(IF('LT Panel Feeder Readings'!E615="","",'LT Panel Feeder Readings'!E615),"") | C614: =IFERROR(IF('LT Panel Feeder Readings'!W615="","",IF('LT Panel Feeder Readings'!W615="",0,'LT Panel Feeder Readings'!W615)+IF('LT Panel Feeder Readings'!Z615="",0,'LT Panel Feeder Readings'!Z615)),"") | D614: =IFERROR(IF('LT Panel Feeder Readings'!BG615="","",IF('LT Panel Feeder Readings'!BG615="",0,'LT Panel Feeder Readings'!BG615)+IF('LT Panel Feeder Readings'!BJ615="",0,'LT Panel Feeder Readings'!BJ615)),"") | E614: =IF(B614="","",B614+IF(C614="",0,C614)+IF(D614="",0,D614)) | F614: =IFERROR(IF('Fuel Status'!E616="","",IF('Fuel Status'!E616="",0,'Fuel Status'!E616)+IF('Fuel Status'!J616="",0,'Fuel Status'!J616)+IF('Fuel Status'!O616="",0,'Fuel Status'!O616)),"") -> 0 | G614: =IF(B614="","",IF(MONTH(A614)<>MONTH(A613),B614,G613+B614)) | H614: =IF(C614="","",IF(MONTH(A614)<>MONTH(A613),C614,H613+C614)) | I614: =IF(D614="","",IF(MONTH(A614)<>MONTH(A613),D614,I613+D614)) | J614: =IF(E614="","",IF(MONTH(A614)<>MONTH(A613),E614,J613+E614)) | N614: =E614*M614/K614 -> #VALUE! | O614: =IF(OR(J614="",L614="",L614=0),"",ROUND(J614/L614,4)) | P614: =IFERROR(IF('Raw Water'!U615="","",'Raw Water'!U615),"") | Q614: =IFERROR(IF(STP!U615="","",STP!U615),"") | R614: =IFERROR(IF(STP!V615="","",STP!V615),"") | S614: =IF(P614="","",P614)
... A736: 46756 | B736: =IFERROR(IF('LT Panel Feeder Readings'!E737="","",'LT Panel Feeder Readings'!E737),"") | C736: =IFERROR(IF('LT Panel Feeder Readings'!W737="","",IF('LT Panel Feeder Readings'!W737="",0,'LT Panel Feeder Readings'!W737)+IF('LT Panel Feeder Readings'!Z737="",0,'LT Panel Feeder Readings'!Z737)),"") | D736: =IFERROR(IF('LT Panel Feeder Readings'!BG737="","",IF('LT Panel Feeder Readings'!BG737="",0,'LT Panel Feeder Readings'!BG737)+IF('LT Panel Feeder Readings'!BJ737="",0,'LT Panel Feeder Readings'!BJ737)),"") | E736: =IF(B736="","",B736+IF(C736="",0,C736)+IF(D736="",0,D736)) | F736: =IFERROR(IF('Fuel Status'!E738="","",IF('Fuel Status'!E738="",0,'Fuel Status'!E738)+IF('Fuel Status'!J738="",0,'Fuel Status'!J738)+IF('Fuel Status'!O738="",0,'Fuel Status'!O738)),"") -> 0 | G736: =IF(B736="","",IF(MONTH(A736)<>MONTH(A735),B736,G735+B736)) | H736: =IF(C736="","",IF(MONTH(A736)<>MONTH(A735),C736,H735+C736)) | I736: =IF(D736="","",IF(MONTH(A736)<>MONTH(A735),D736,I735+D736)) | J736: =IF(E736="","",IF(MONTH(A736)<>MONTH(A735),E736,J735+E736)) | N736: =E736*M736/K736 -> #VALUE! | O736: =IF(OR(J736="",L736="",L736=0),"",ROUND(J736/L736,4)) | P736: =IFERROR(IF('Raw Water'!U737="","",'Raw Water'!U737),"") | Q736: =IFERROR(IF(STP!U737="","",STP!U737),"") | R736: =IFERROR(IF(STP!V737="","",STP!V737),"") | S736: =IF(P736="","",P736)
A737: 46757 | B737: =IFERROR(IF('LT Panel Feeder Readings'!E738="","",'LT Panel Feeder Readings'!E738),"") | C737: =IFERROR(IF('LT Panel Feeder Readings'!W738="","",IF('LT Panel Feeder Readings'!W738="",0,'LT Panel Feeder Readings'!W738)+IF('LT Panel Feeder Readings'!Z738="",0,'LT Panel Feeder Readings'!Z738)),"") | D737: =IFERROR(IF('LT Panel Feeder Readings'!BG738="","",IF('LT Panel Feeder Readings'!BG738="",0,'LT Panel Feeder Readings'!BG738)+IF('LT Panel Feeder Readings'!BJ738="",0,'LT Panel Feeder Readings'!BJ738)),"") | E737: =IF(B737="","",B737+IF(C737="",0,C737)+IF(D737="",0,D737)) | F737: =IFERROR(IF('Fuel Status'!E739="","",IF('Fuel Status'!E739="",0,'Fuel Status'!E739)+IF('Fuel Status'!J739="",0,'Fuel Status'!J739)+IF('Fuel Status'!O739="",0,'Fuel Status'!O739)),"") -> 0 | G737: =IF(B737="","",IF(MONTH(A737)<>MONTH(A736),B737,G736+B737)) | H737: =IF(C737="","",IF(MONTH(A737)<>MONTH(A736),C737,H736+C737)) | I737: =IF(D737="","",IF(MONTH(A737)<>MONTH(A736),D737,I736+D737)) | J737: =IF(E737="","",IF(MONTH(A737)<>MONTH(A736),E737,J736+E737)) | O737: =IF(OR(J737="",L737="",L737=0),"",ROUND(J737/L737,4)) | P737: =IFERROR(IF('Raw Water'!U738="","",'Raw Water'!U738),"") | Q737: =IFERROR(IF(STP!U738="","",STP!U738),"") | R737: =IFERROR(IF(STP!V738="","",STP!V738),"") | S737: =IF(P737="","",P737)
A738: 46758 | B738: =IFERROR(IF('LT Panel Feeder Readings'!E739="","",'LT Panel Feeder Readings'!E739),"") | C738: =IFERROR(IF('LT Panel Feeder Readings'!W739="","",IF('LT Panel Feeder Readings'!W739="",0,'LT Panel Feeder Readings'!W739)+IF('LT Panel Feeder Readings'!Z739="",0,'LT Panel Feeder Readings'!Z739)),"") | D738: =IFERROR(IF('LT Panel Feeder Readings'!BG739="","",IF('LT Panel Feeder Readings'!BG739="",0,'LT Panel Feeder Readings'!BG739)+IF('LT Panel Feeder Readings'!BJ739="",0,'LT Panel Feeder Readings'!BJ739)),"") | E738: =IF(B738="","",B738+IF(C738="",0,C738)+IF(D738="",0,D738)) | F738: =IFERROR(IF('Fuel Status'!E740="","",IF('Fuel Status'!E740="",0,'Fuel Status'!E740)+IF('Fuel Status'!J740="",0,'Fuel Status'!J740)+IF('Fuel Status'!O740="",0,'Fuel Status'!O740)),"") -> 0 | G738: =IF(B738="","",IF(MONTH(A738)<>MONTH(A737),B738,G737+B738)) | H738: =IF(C738="","",IF(MONTH(A738)<>MONTH(A737),C738,H737+C738)) | I738: =IF(D738="","",IF(MONTH(A738)<>MONTH(A737),D738,I737+D738)) | J738: =IF(E738="","",IF(MONTH(A738)<>MONTH(A737),E738,J737+E738)) | O738: =IF(OR(J738="",L738="",L738=0),"",ROUND(J738/L738,4)) | P738: =IFERROR(IF('Raw Water'!U739="","",'Raw Water'!U739),"") | Q738: =IFERROR(IF(STP!U739="","",STP!U739),"") | R738: =IFERROR(IF(STP!V739="","",STP!V739),"") | S738: =IF(P738="","",P738)
A739: 46759 | B739: =IFERROR(IF('LT Panel Feeder Readings'!E740="","",'LT Panel Feeder Readings'!E740),"") | C739: =IFERROR(IF('LT Panel Feeder Readings'!W740="","",IF('LT Panel Feeder Readings'!W740="",0,'LT Panel Feeder Readings'!W740)+IF('LT Panel Feeder Readings'!Z740="",0,'LT Panel Feeder Readings'!Z740)),"") | D739: =IFERROR(IF('LT Panel Feeder Readings'!BG740="","",IF('LT Panel Feeder Readings'!BG740="",0,'LT Panel Feeder Readings'!BG740)+IF('LT Panel Feeder Readings'!BJ740="",0,'LT Panel Feeder Readings'!BJ740)),"") | E739: =IF(B739="","",B739+IF(C739="",0,C739)+IF(D739="",0,D739)) | F739: =IFERROR(IF('Fuel Status'!E741="","",IF('Fuel Status'!E741="",0,'Fuel Status'!E741)+IF('Fuel Status'!J741="",0,'Fuel Status'!J741)+IF('Fuel Status'!O741="",0,'Fuel Status'!O741)),"") -> 0 | G739: =IF(B739="","",IF(MONTH(A739)<>MONTH(A738),B739,G738+B739)) | H739: =IF(C739="","",IF(MONTH(A739)<>MONTH(A738),C739,H738+C739)) | I739: =IF(D739="","",IF(MONTH(A739)<>MONTH(A738),D739,I738+D739)) | J739: =IF(E739="","",IF(MONTH(A739)<>MONTH(A738),E739,J738+E739)) | O739: =IF(OR(J739="",L739="",L739=0),"",ROUND(J739/L739,4)) | P739: =IFERROR(IF('Raw Water'!U740="","",'Raw Water'!U740),"") | Q739: =IFERROR(IF(STP!U740="","",STP!U740),"") | R739: =IFERROR(IF(STP!V740="","",STP!V740),"") | S739: =IF(P739="","",P739)
A740: 46760 | B740: =IFERROR(IF('LT Panel Feeder Readings'!E741="","",'LT Panel Feeder Readings'!E741),"") | C740: =IFERROR(IF('LT Panel Feeder Readings'!W741="","",IF('LT Panel Feeder Readings'!W741="",0,'LT Panel Feeder Readings'!W741)+IF('LT Panel Feeder Readings'!Z741="",0,'LT Panel Feeder Readings'!Z741)),"") | D740: =IFERROR(IF('LT Panel Feeder Readings'!BG741="","",IF('LT Panel Feeder Readings'!BG741="",0,'LT Panel Feeder Readings'!BG741)+IF('LT Panel Feeder Readings'!BJ741="",0,'LT Panel Feeder Readings'!BJ741)),"") | E740: =IF(B740="","",B740+IF(C740="",0,C740)+IF(D740="",0,D740)) | F740: =IFERROR(IF('Fuel Status'!E742="","",IF('Fuel Status'!E742="",0,'Fuel Status'!E742)+IF('Fuel Status'!J742="",0,'Fuel Status'!J742)+IF('Fuel Status'!O742="",0,'Fuel Status'!O742)),"") -> 0 | G740: =IF(B740="","",IF(MONTH(A740)<>MONTH(A739),B740,G739+B740)) | H740: =IF(C740="","",IF(MONTH(A740)<>MONTH(A739),C740,H739+C740)) | I740: =IF(D740="","",IF(MONTH(A740)<>MONTH(A739),D740,I739+D740)) | J740: =IF(E740="","",IF(MONTH(A740)<>MONTH(A739),E740,J739+E740)) | O740: =IF(OR(J740="",L740="",L740=0),"",ROUND(J740/L740,4)) | P740: =IFERROR(IF('Raw Water'!U741="","",'Raw Water'!U741),"") | Q740: =IFERROR(IF(STP!U741="","",STP!U741),"") | R740: =IFERROR(IF(STP!V741="","",STP!V741),"") | S740: =IF(P740="","",P740)
A741: 46761 | B741: =IFERROR(IF('LT Panel Feeder Readings'!E742="","",'LT Panel Feeder Readings'!E742),"") | C741: =IFERROR(IF('LT Panel Feeder Readings'!W742="","",IF('LT Panel Feeder Readings'!W742="",0,'LT Panel Feeder Readings'!W742)+IF('LT Panel Feeder Readings'!Z742="",0,'LT Panel Feeder Readings'!Z742)),"") | D741: =IFERROR(IF('LT Panel Feeder Readings'!BG742="","",IF('LT Panel Feeder Readings'!BG742="",0,'LT Panel Feeder Readings'!BG742)+IF('LT Panel Feeder Readings'!BJ742="",0,'LT Panel Feeder Readings'!BJ742)),"") | E741: =IF(B741="","",B741+IF(C741="",0,C741)+IF(D741="",0,D741)) | F741: =IFERROR(IF('Fuel Status'!E743="","",IF('Fuel Status'!E743="",0,'Fuel Status'!E743)+IF('Fuel Status'!J743="",0,'Fuel Status'!J743)+IF('Fuel Status'!O743="",0,'Fuel Status'!O743)),"") -> 0 | G741: =IF(B741="","",IF(MONTH(A741)<>MONTH(A740),B741,G740+B741)) | H741: =IF(C741="","",IF(MONTH(A741)<>MONTH(A740),C741,H740+C741)) | I741: =IF(D741="","",IF(MONTH(A741)<>MONTH(A740),D741,I740+D741)) | J741: =IF(E741="","",IF(MONTH(A741)<>MONTH(A740),E741,J740+E741)) | O741: =IF(OR(J741="",L741="",L741=0),"",ROUND(J741/L741,4)) | P741: =IFERROR(IF('Raw Water'!U742="","",'Raw Water'!U742),"") | Q741: =IFERROR(IF(STP!U742="","",STP!U742),"") | R741: =IFERROR(IF(STP!V742="","",STP!V742),"") | S741: =IF(P741="","",P741)
A742: 46762 | B742: =IFERROR(IF('LT Panel Feeder Readings'!E743="","",'LT Panel Feeder Readings'!E743),"") | C742: =IFERROR(IF('LT Panel Feeder Readings'!W743="","",IF('LT Panel Feeder Readings'!W743="",0,'LT Panel Feeder Readings'!W743)+IF('LT Panel Feeder Readings'!Z743="",0,'LT Panel Feeder Readings'!Z743)),"") | D742: =IFERROR(IF('LT Panel Feeder Readings'!BG743="","",IF('LT Panel Feeder Readings'!BG743="",0,'LT Panel Feeder Readings'!BG743)+IF('LT Panel Feeder Readings'!BJ743="",0,'LT Panel Feeder Readings'!BJ743)),"") | E742: =IF(B742="","",B742+IF(C742="",0,C742)+IF(D742="",0,D742)) | F742: =IFERROR(IF('Fuel Status'!E744="","",IF('Fuel Status'!E744="",0,'Fuel Status'!E744)+IF('Fuel Status'!J744="",0,'Fuel Status'!J744)+IF('Fuel Status'!O744="",0,'Fuel Status'!O744)),"") -> 0 | G742: =IF(B742="","",IF(MONTH(A742)<>MONTH(A741),B742,G741+B742)) | H742: =IF(C742="","",IF(MONTH(A742)<>MONTH(A741),C742,H741+C742)) | I742: =IF(D742="","",IF(MONTH(A742)<>MONTH(A741),D742,I741+D742)) | J742: =IF(E742="","",IF(MONTH(A742)<>MONTH(A741),E742,J741+E742)) | O742: =IF(OR(J742="",L742="",L742=0),"",ROUND(J742/L742,4)) | P742: =IFERROR(IF('Raw Water'!U743="","",'Raw Water'!U743),"") | Q742: =IFERROR(IF(STP!U743="","",STP!U743),"") | R742: =IFERROR(IF(STP!V743="","",STP!V743),"") | S742: =IF(P742="","",P742)
A743: 46763 | B743: =IFERROR(IF('LT Panel Feeder Readings'!E744="","",'LT Panel Feeder Readings'!E744),"") | C743: =IFERROR(IF('LT Panel Feeder Readings'!W744="","",IF('LT Panel Feeder Readings'!W744="",0,'LT Panel Feeder Readings'!W744)+IF('LT Panel Feeder Readings'!Z744="",0,'LT Panel Feeder Readings'!Z744)),"") | D743: =IFERROR(IF('LT Panel Feeder Readings'!BG744="","",IF('LT Panel Feeder Readings'!BG744="",0,'LT Panel Feeder Readings'!BG744)+IF('LT Panel Feeder Readings'!BJ744="",0,'LT Panel Feeder Readings'!BJ744)),"") | E743: =IF(B743="","",B743+IF(C743="",0,C743)+IF(D743="",0,D743)) | F743: =IFERROR(IF('Fuel Status'!E745="","",IF('Fuel Status'!E745="",0,'Fuel Status'!E745)+IF('Fuel Status'!J745="",0,'Fuel Status'!J745)+IF('Fuel Status'!O745="",0,'Fuel Status'!O745)),"") -> 0 | G743: =IF(B743="","",IF(MONTH(A743)<>MONTH(A742),B743,G742+B743)) | H743: =IF(C743="","",IF(MONTH(A743)<>MONTH(A742),C743,H742+C743)) | I743: =IF(D743="","",IF(MONTH(A743)<>MONTH(A742),D743,I742+D743)) | J743: =IF(E743="","",IF(MONTH(A743)<>MONTH(A742),E743,J742+E743)) | O743: =IF(OR(J743="",L743="",L743=0),"",ROUND(J743/L743,4)) | P743: =IFERROR(IF('Raw Water'!U744="","",'Raw Water'!U744),"") | Q743: =IFERROR(IF(STP!U744="","",STP!U744),"") | R743: =IFERROR(IF(STP!V744="","",STP!V744),"") | S743: =IF(P743="","",P743)
A744: 46764 | B744: =IFERROR(IF('LT Panel Feeder Readings'!E745="","",'LT Panel Feeder Readings'!E745),"") | C744: =IFERROR(IF('LT Panel Feeder Readings'!W745="","",IF('LT Panel Feeder Readings'!W745="",0,'LT Panel Feeder Readings'!W745)+IF('LT Panel Feeder Readings'!Z745="",0,'LT Panel Feeder Readings'!Z745)),"") | D744: =IFERROR(IF('LT Panel Feeder Readings'!BG745="","",IF('LT Panel Feeder Readings'!BG745="",0,'LT Panel Feeder Readings'!BG745)+IF('LT Panel Feeder Readings'!BJ745="",0,'LT Panel Feeder Readings'!BJ745)),"") | E744: =IF(B744="","",B744+IF(C744="",0,C744)+IF(D744="",0,D744)) | F744: =IFERROR(IF('Fuel Status'!E746="","",IF('Fuel Status'!E746="",0,'Fuel Status'!E746)+IF('Fuel Status'!J746="",0,'Fuel Status'!J746)+IF('Fuel Status'!O746="",0,'Fuel Status'!O746)),"") -> 0 | G744: =IF(B744="","",IF(MONTH(A744)<>MONTH(A743),B744,G743+B744)) | H744: =IF(C744="","",IF(MONTH(A744)<>MONTH(A743),C744,H743+C744)) | I744: =IF(D744="","",IF(MONTH(A744)<>MONTH(A743),D744,I743+D744)) | J744: =IF(E744="","",IF(MONTH(A744)<>MONTH(A743),E744,J743+E744)) | O744: =IF(OR(J744="",L744="",L744=0),"",ROUND(J744/L744,4)) | P744: =IFERROR(IF('Raw Water'!U745="","",'Raw Water'!U745),"") | Q744: =IFERROR(IF(STP!U745="","",STP!U745),"") | R744: =IFERROR(IF(STP!V745="","",STP!V745),"") | S744: =IF(P744="","",P744)
A745: 46765 | B745: =IFERROR(IF('LT Panel Feeder Readings'!E746="","",'LT Panel Feeder Readings'!E746),"") | C745: =IFERROR(IF('LT Panel Feeder Readings'!W746="","",IF('LT Panel Feeder Readings'!W746="",0,'LT Panel Feeder Readings'!W746)+IF('LT Panel Feeder Readings'!Z746="",0,'LT Panel Feeder Readings'!Z746)),"") | D745: =IFERROR(IF('LT Panel Feeder Readings'!BG746="","",IF('LT Panel Feeder Readings'!BG746="",0,'LT Panel Feeder Readings'!BG746)+IF('LT Panel Feeder Readings'!BJ746="",0,'LT Panel Feeder Readings'!BJ746)),"") | E745: =IF(B745="","",B745+IF(C745="",0,C745)+IF(D745="",0,D745)) | F745: =IFERROR(IF('Fuel Status'!E747="","",IF('Fuel Status'!E747="",0,'Fuel Status'!E747)+IF('Fuel Status'!J747="",0,'Fuel Status'!J747)+IF('Fuel Status'!O747="",0,'Fuel Status'!O747)),"") -> 0 | G745: =IF(B745="","",IF(MONTH(A745)<>MONTH(A744),B745,G744+B745)) | H745: =IF(C745="","",IF(MONTH(A745)<>MONTH(A744),C745,H744+C745)) | I745: =IF(D745="","",IF(MONTH(A745)<>MONTH(A744),D745,I744+D745)) | J745: =IF(E745="","",IF(MONTH(A745)<>MONTH(A744),E745,J744+E745)) | O745: =IF(OR(J745="",L745="",L745=0),"",ROUND(J745/L745,4)) | P745: =IFERROR(IF('Raw Water'!U746="","",'Raw Water'!U746),"") | Q745: =IFERROR(IF(STP!U746="","",STP!U746),"") | R745: =IFERROR(IF(STP!V746="","",STP!V746),"") | S745: =IF(P745="","",P745)
A746: 46766 | B746: =IFERROR(IF('LT Panel Feeder Readings'!E747="","",'LT Panel Feeder Readings'!E747),"") | C746: =IFERROR(IF('LT Panel Feeder Readings'!W747="","",IF('LT Panel Feeder Readings'!W747="",0,'LT Panel Feeder Readings'!W747)+IF('LT Panel Feeder Readings'!Z747="",0,'LT Panel Feeder Readings'!Z747)),"") | D746: =IFERROR(IF('LT Panel Feeder Readings'!BG747="","",IF('LT Panel Feeder Readings'!BG747="",0,'LT Panel Feeder Readings'!BG747)+IF('LT Panel Feeder Readings'!BJ747="",0,'LT Panel Feeder Readings'!BJ747)),"") | E746: =IF(B746="","",B746+IF(C746="",0,C746)+IF(D746="",0,D746)) | F746: =IFERROR(IF('Fuel Status'!E748="","",IF('Fuel Status'!E748="",0,'Fuel Status'!E748)+IF('Fuel Status'!J748="",0,'Fuel Status'!J748)+IF('Fuel Status'!O748="",0,'Fuel Status'!O748)),"") -> 0 | G746: =IF(B746="","",IF(MONTH(A746)<>MONTH(A745),B746,G745+B746)) | H746: =IF(C746="","",IF(MONTH(A746)<>MONTH(A745),C746,H745+C746)) | I746: =IF(D746="","",IF(MONTH(A746)<>MONTH(A745),D746,I745+D746)) | J746: =IF(E746="","",IF(MONTH(A746)<>MONTH(A745),E746,J745+E746)) | O746: =IF(OR(J746="",L746="",L746=0),"",ROUND(J746/L746,4)) | P746: =IFERROR(IF('Raw Water'!U747="","",'Raw Water'!U747),"") | Q746: =IFERROR(IF(STP!U747="","",STP!U747),"") | R746: =IFERROR(IF(STP!V747="","",STP!V747),"") | S746: =IF(P746="","",P746)
A747: 46767 | B747: =IFERROR(IF('LT Panel Feeder Readings'!E748="","",'LT Panel Feeder Readings'!E748),"") | C747: =IFERROR(IF('LT Panel Feeder Readings'!W748="","",IF('LT Panel Feeder Readings'!W748="",0,'LT Panel Feeder Readings'!W748)+IF('LT Panel Feeder Readings'!Z748="",0,'LT Panel Feeder Readings'!Z748)),"") | D747: =IFERROR(IF('LT Panel Feeder Readings'!BG748="","",IF('LT Panel Feeder Readings'!BG748="",0,'LT Panel Feeder Readings'!BG748)+IF('LT Panel Feeder Readings'!BJ748="",0,'LT Panel Feeder Readings'!BJ748)),"") | E747: =IF(B747="","",B747+IF(C747="",0,C747)+IF(D747="",0,D747)) | F747: =IFERROR(IF('Fuel Status'!E749="","",IF('Fuel Status'!E749="",0,'Fuel Status'!E749)+IF('Fuel Status'!J749="",0,'Fuel Status'!J749)+IF('Fuel Status'!O749="",0,'Fuel Status'!O749)),"") -> 0 | G747: =IF(B747="","",IF(MONTH(A747)<>MONTH(A746),B747,G746+B747)) | H747: =IF(C747="","",IF(MONTH(A747)<>MONTH(A746),C747,H746+C747)) | I747: =IF(D747="","",IF(MONTH(A747)<>MONTH(A746),D747,I746+D747)) | J747: =IF(E747="","",IF(MONTH(A747)<>MONTH(A746),E747,J746+E747)) | O747: =IF(OR(J747="",L747="",L747=0),"",ROUND(J747/L747,4)) | P747: =IFERROR(IF('Raw Water'!U748="","",'Raw Water'!U748),"") | Q747: =IFERROR(IF(STP!U748="","",STP!U748),"") | R747: =IFERROR(IF(STP!V748="","",STP!V748),"") | S747: =IF(P747="","",P747)
A748: 46768 | B748: =IFERROR(IF('LT Panel Feeder Readings'!E749="","",'LT Panel Feeder Readings'!E749),"") | C748: =IFERROR(IF('LT Panel Feeder Readings'!W749="","",IF('LT Panel Feeder Readings'!W749="",0,'LT Panel Feeder Readings'!W749)+IF('LT Panel Feeder Readings'!Z749="",0,'LT Panel Feeder Readings'!Z749)),"") | D748: =IFERROR(IF('LT Panel Feeder Readings'!BG749="","",IF('LT Panel Feeder Readings'!BG749="",0,'LT Panel Feeder Readings'!BG749)+IF('LT Panel Feeder Readings'!BJ749="",0,'LT Panel Feeder Readings'!BJ749)),"") | E748: =IF(B748="","",B748+IF(C748="",0,C748)+IF(D748="",0,D748)) | F748: =IFERROR(IF('Fuel Status'!E750="","",IF('Fuel Status'!E750="",0,'Fuel Status'!E750)+IF('Fuel Status'!J750="",0,'Fuel Status'!J750)+IF('Fuel Status'!O750="",0,'Fuel Status'!O750)),"") -> 0 | G748: =IF(B748="","",IF(MONTH(A748)<>MONTH(A747),B748,G747+B748)) | H748: =IF(C748="","",IF(MONTH(A748)<>MONTH(A747),C748,H747+C748)) | I748: =IF(D748="","",IF(MONTH(A748)<>MONTH(A747),D748,I747+D748)) | J748: =IF(E748="","",IF(MONTH(A748)<>MONTH(A747),E748,J747+E748)) | O748: =IF(OR(J748="",L748="",L748=0),"",ROUND(J748/L748,4)) | P748: =IFERROR(IF('Raw Water'!U749="","",'Raw Water'!U749),"") | Q748: =IFERROR(IF(STP!U749="","",STP!U749),"") | R748: =IFERROR(IF(STP!V749="","",STP!V749),"") | S748: =IF(P748="","",P748)
... A1246: 47266 | B1246: =IFERROR(IF('LT Panel Feeder Readings'!E1247="","",'LT Panel Feeder Readings'!E1247),"") | C1246: =IFERROR(IF('LT Panel Feeder Readings'!W1247="","",IF('LT Panel Feeder Readings'!W1247="",0,'LT Panel Feeder Readings'!W1247)+IF('LT Panel Feeder Readings'!Z1247="",0,'LT Panel Feeder Readings'!Z1247)),"") | D1246: =IFERROR(IF('LT Panel Feeder Readings'!BG1247="","",IF('LT Panel Feeder Readings'!BG1247="",0,'LT Panel Feeder Readings'!BG1247)+IF('LT Panel Feeder Readings'!BJ1247="",0,'LT Panel Feeder Readings'!BJ1247)),"") | E1246: =IF(B1246="","",B1246+IF(C1246="",0,C1246)+IF(D1246="",0,D1246)) | F1246: =IFERROR(IF('Fuel Status'!E1248="","",IF('Fuel Status'!E1248="",0,'Fuel Status'!E1248)+IF('Fuel Status'!J1248="",0,'Fuel Status'!J1248)+IF('Fuel Status'!O1248="",0,'Fuel Status'!O1248)),"") -> 0 | G1246: =IF(B1246="","",IF(MONTH(A1246)<>MONTH(A1245),B1246,G1245+B1246)) | H1246: =IF(C1246="","",IF(MONTH(A1246)<>MONTH(A1245),C1246,H1245+C1246)) | I1246: =IF(D1246="","",IF(MONTH(A1246)<>MONTH(A1245),D1246,I1245+D1246)) | J1246: =IF(E1246="","",IF(MONTH(A1246)<>MONTH(A1245),E1246,J1245+E1246)) | O1246: =IF(OR(J1246="",L1246="",L1246=0),"",ROUND(J1246/L1246,4)) | P1246: =IFERROR(IF('Raw Water'!U1247="","",'Raw Water'!U1247),"") | Q1246: =IFERROR(IF(STP!U1247="","",STP!U1247),"") | R1246: =IFERROR(IF(STP!V1247="","",STP!V1247),"") | S1246: =IF(P1246="","",P1246)
A1247: 47267 | B1247: =IFERROR(IF('LT Panel Feeder Readings'!E1248="","",'LT Panel Feeder Readings'!E1248),"") | C1247: =IFERROR(IF('LT Panel Feeder Readings'!V1248="","",IF('LT Panel Feeder Readings'!V1248="",0,'LT Panel Feeder Readings'!V1248)+IF('LT Panel Feeder Readings'!Y1248="",0,'LT Panel Feeder Readings'!Y1248)),"") | D1247: =IFERROR(IF('LT Panel Feeder Readings'!BG1248="","",IF('LT Panel Feeder Readings'!BG1248="",0,'LT Panel Feeder Readings'!BG1248)+IF('LT Panel Feeder Readings'!BJ1248="",0,'LT Panel Feeder Readings'!BJ1248)),"") | E1247: =IF(B1247="","",B1247+IF(C1247="",0,C1247)+IF(D1247="",0,D1247)) | F1247: =IFERROR(IF('Fuel Status'!E1249="","",IF('Fuel Status'!E1249="",0,'Fuel Status'!E1249)+IF('Fuel Status'!J1249="",0,'Fuel Status'!J1249)+IF('Fuel Status'!O1249="",0,'Fuel Status'!O1249)),"") -> 0 | G1247: =IF(B1247="","",IF(MONTH(A1247)<>MONTH(A1246),B1247,G1246+B1247)) | H1247: =IF(C1247="","",IF(MONTH(A1247)<>MONTH(A1246),C1247,H1246+C1247)) | I1247: =IF(D1247="","",IF(MONTH(A1247)<>MONTH(A1246),D1247,I1246+D1247)) | J1247: =IF(E1247="","",IF(MONTH(A1247)<>MONTH(A1246),E1247,J1246+E1247)) | O1247: =IF(OR(J1247="",L1247="",L1247=0),"",ROUND(J1247/L1247,4)) | P1247: =IFERROR(IF('Raw Water'!U1248="","",'Raw Water'!U1248),"") | Q1247: =IFERROR(IF(STP!U1248="","",STP!U1248),"") | R1247: =IFERROR(IF(STP!V1248="","",STP!V1248),"") | S1247: =IF(P1247="","",P1247)
A1248: 47268 | B1248: =IFERROR(IF('LT Panel Feeder Readings'!E1249="","",'LT Panel Feeder Readings'!E1249),"") | C1248: =IFERROR(IF('LT Panel Feeder Readings'!V1249="","",IF('LT Panel Feeder Readings'!V1249="",0,'LT Panel Feeder Readings'!V1249)+IF('LT Panel Feeder Readings'!Y1249="",0,'LT Panel Feeder Readings'!Y1249)),"") | D1248: =IFERROR(IF('LT Panel Feeder Readings'!BG1249="","",IF('LT Panel Feeder Readings'!BG1249="",0,'LT Panel Feeder Readings'!BG1249)+IF('LT Panel Feeder Readings'!BJ1249="",0,'LT Panel Feeder Readings'!BJ1249)),"") | E1248: =IF(B1248="","",B1248+IF(C1248="",0,C1248)+IF(D1248="",0,D1248)) | F1248: =IFERROR(IF('Fuel Status'!E1250="","",IF('Fuel Status'!E1250="",0,'Fuel Status'!E1250)+IF('Fuel Status'!J1250="",0,'Fuel Status'!J1250)+IF('Fuel Status'!O1250="",0,'Fuel Status'!O1250)),"") -> 0 | G1248: =IF(B1248="","",IF(MONTH(A1248)<>MONTH(A1247),B1248,G1247+B1248)) | H1248: =IF(C1248="","",IF(MONTH(A1248)<>MONTH(A1247),C1248,H1247+C1248)) | I1248: =IF(D1248="","",IF(MONTH(A1248)<>MONTH(A1247),D1248,I1247+D1248)) | J1248: =IF(E1248="","",IF(MONTH(A1248)<>MONTH(A1247),E1248,J1247+E1248)) | O1248: =IF(OR(J1248="",L1248="",L1248=0),"",ROUND(J1248/L1248,4)) | P1248: =IFERROR(IF('Raw Water'!U1249="","",'Raw Water'!U1249),"") | Q1248: =IFERROR(IF(STP!U1249="","",STP!U1249),"") | R1248: =IFERROR(IF(STP!V1249="","",STP!V1249),"") | S1248: =IF(P1248="","",P1248)
A1249: 47269 | B1249: =IFERROR(IF('LT Panel Feeder Readings'!E1250="","",'LT Panel Feeder Readings'!E1250),"") | C1249: =IFERROR(IF('LT Panel Feeder Readings'!V1250="","",IF('LT Panel Feeder Readings'!V1250="",0,'LT Panel Feeder Readings'!V1250)+IF('LT Panel Feeder Readings'!Y1250="",0,'LT Panel Feeder Readings'!Y1250)),"") | D1249: =IFERROR(IF('LT Panel Feeder Readings'!BG1250="","",IF('LT Panel Feeder Readings'!BG1250="",0,'LT Panel Feeder Readings'!BG1250)+IF('LT Panel Feeder Readings'!BJ1250="",0,'LT Panel Feeder Readings'!BJ1250)),"") | E1249: =IF(B1249="","",B1249+IF(C1249="",0,C1249)+IF(D1249="",0,D1249)) | F1249: =IFERROR(IF('Fuel Status'!E1251="","",IF('Fuel Status'!E1251="",0,'Fuel Status'!E1251)+IF('Fuel Status'!J1251="",0,'Fuel Status'!J1251)+IF('Fuel Status'!O1251="",0,'Fuel Status'!O1251)),"") -> 0 | G1249: =IF(B1249="","",IF(MONTH(A1249)<>MONTH(A1248),B1249,G1248+B1249)) | H1249: =IF(C1249="","",IF(MONTH(A1249)<>MONTH(A1248),C1249,H1248+C1249)) | I1249: =IF(D1249="","",IF(MONTH(A1249)<>MONTH(A1248),D1249,I1248+D1249)) | J1249: =IF(E1249="","",IF(MONTH(A1249)<>MONTH(A1248),E1249,J1248+E1249)) | O1249: =IF(OR(J1249="",L1249="",L1249=0),"",ROUND(J1249/L1249,4)) | P1249: =IFERROR(IF('Raw Water'!U1250="","",'Raw Water'!U1250),"") | Q1249: =IFERROR(IF(STP!U1250="","",STP!U1250),"") | R1249: =IFERROR(IF(STP!V1250="","",STP!V1250),"") | S1249: =IF(P1249="","",P1249)
A1250: 47270 | B1250: =IFERROR(IF('LT Panel Feeder Readings'!E1251="","",'LT Panel Feeder Readings'!E1251),"") | C1250: =IFERROR(IF('LT Panel Feeder Readings'!V1251="","",IF('LT Panel Feeder Readings'!V1251="",0,'LT Panel Feeder Readings'!V1251)+IF('LT Panel Feeder Readings'!Y1251="",0,'LT Panel Feeder Readings'!Y1251)),"") | D1250: =IFERROR(IF('LT Panel Feeder Readings'!BG1251="","",IF('LT Panel Feeder Readings'!BG1251="",0,'LT Panel Feeder Readings'!BG1251)+IF('LT Panel Feeder Readings'!BJ1251="",0,'LT Panel Feeder Readings'!BJ1251)),"") | E1250: =IF(B1250="","",B1250+IF(C1250="",0,C1250)+IF(D1250="",0,D1250)) | F1250: =IFERROR(IF('Fuel Status'!E1252="","",IF('Fuel Status'!E1252="",0,'Fuel Status'!E1252)+IF('Fuel Status'!J1252="",0,'Fuel Status'!J1252)+IF('Fuel Status'!O1252="",0,'Fuel Status'!O1252)),"") -> 0 | G1250: =IF(B1250="","",IF(MONTH(A1250)<>MONTH(A1249),B1250,G1249+B1250)) | H1250: =IF(C1250="","",IF(MONTH(A1250)<>MONTH(A1249),C1250,H1249+C1250)) | I1250: =IF(D1250="","",IF(MONTH(A1250)<>MONTH(A1249),D1250,I1249+D1250)) | J1250: =IF(E1250="","",IF(MONTH(A1250)<>MONTH(A1249),E1250,J1249+E1250)) | O1250: =IF(OR(J1250="",L1250="",L1250=0),"",ROUND(J1250/L1250,4)) | P1250: =IFERROR(IF('Raw Water'!U1251="","",'Raw Water'!U1251),"") | Q1250: =IFERROR(IF(STP!U1251="","",STP!U1251),"") | R1250: =IFERROR(IF(STP!V1251="","",STP!V1251),"") | S1250: =IF(P1250="","",P1250)
A1251: 47271 | B1251: =IFERROR(IF('LT Panel Feeder Readings'!E1252="","",'LT Panel Feeder Readings'!E1252),"") | C1251: =IFERROR(IF('LT Panel Feeder Readings'!V1252="","",IF('LT Panel Feeder Readings'!V1252="",0,'LT Panel Feeder Readings'!V1252)+IF('LT Panel Feeder Readings'!Y1252="",0,'LT Panel Feeder Readings'!Y1252)),"") | D1251: =IFERROR(IF('LT Panel Feeder Readings'!BG1252="","",IF('LT Panel Feeder Readings'!BG1252="",0,'LT Panel Feeder Readings'!BG1252)+IF('LT Panel Feeder Readings'!BJ1252="",0,'LT Panel Feeder Readings'!BJ1252)),"") | E1251: =IF(B1251="","",B1251+IF(C1251="",0,C1251)+IF(D1251="",0,D1251)) | F1251: =IFERROR(IF('Fuel Status'!E1253="","",IF('Fuel Status'!E1253="",0,'Fuel Status'!E1253)+IF('Fuel Status'!J1253="",0,'Fuel Status'!J1253)+IF('Fuel Status'!O1253="",0,'Fuel Status'!O1253)),"") -> 0 | G1251: =IF(B1251="","",IF(MONTH(A1251)<>MONTH(A1250),B1251,G1250+B1251)) | H1251: =IF(C1251="","",IF(MONTH(A1251)<>MONTH(A1250),C1251,H1250+C1251)) | I1251: =IF(D1251="","",IF(MONTH(A1251)<>MONTH(A1250),D1251,I1250+D1251)) | J1251: =IF(E1251="","",IF(MONTH(A1251)<>MONTH(A1250),E1251,J1250+E1251)) | O1251: =IF(OR(J1251="",L1251="",L1251=0),"",ROUND(J1251/L1251,4)) | P1251: =IFERROR(IF('Raw Water'!U1252="","",'Raw Water'!U1252),"") | Q1251: =IFERROR(IF(STP!U1252="","",STP!U1252),"") | R1251: =IFERROR(IF(STP!V1252="","",STP!V1252),"") | S1251: =IF(P1251="","",P1251)
A1252: 47272 | B1252: =IFERROR(IF('LT Panel Feeder Readings'!E1253="","",'LT Panel Feeder Readings'!E1253),"") | C1252: =IFERROR(IF('LT Panel Feeder Readings'!V1253="","",IF('LT Panel Feeder Readings'!V1253="",0,'LT Panel Feeder Readings'!V1253)+IF('LT Panel Feeder Readings'!Y1253="",0,'LT Panel Feeder Readings'!Y1253)),"") | D1252: =IFERROR(IF('LT Panel Feeder Readings'!BG1253="","",IF('LT Panel Feeder Readings'!BG1253="",0,'LT Panel Feeder Readings'!BG1253)+IF('LT Panel Feeder Readings'!BJ1253="",0,'LT Panel Feeder Readings'!BJ1253)),"") | E1252: =IF(B1252="","",B1252+IF(C1252="",0,C1252)+IF(D1252="",0,D1252)) | F1252: =IFERROR(IF('Fuel Status'!E1254="","",IF('Fuel Status'!E1254="",0,'Fuel Status'!E1254)+IF('Fuel Status'!J1254="",0,'Fuel Status'!J1254)+IF('Fuel Status'!O1254="",0,'Fuel Status'!O1254)),"") -> 0 | G1252: =IF(B1252="","",IF(MONTH(A1252)<>MONTH(A1251),B1252,G1251+B1252)) | H1252: =IF(C1252="","",IF(MONTH(A1252)<>MONTH(A1251),C1252,H1251+C1252)) | I1252: =IF(D1252="","",IF(MONTH(A1252)<>MONTH(A1251),D1252,I1251+D1252)) | J1252: =IF(E1252="","",IF(MONTH(A1252)<>MONTH(A1251),E1252,J1251+E1252)) | O1252: =IF(OR(J1252="",L1252="",L1252=0),"",ROUND(J1252/L1252,4)) | P1252: =IFERROR(IF('Raw Water'!U1253="","",'Raw Water'!U1253),"") | Q1252: =IFERROR(IF(STP!U1253="","",STP!U1253),"") | R1252: =IFERROR(IF(STP!V1253="","",STP!V1253),"") | S1252: =IF(P1252="","",P1252)
A1253: 47273 | B1253: =IFERROR(IF('LT Panel Feeder Readings'!E1254="","",'LT Panel Feeder Readings'!E1254),"") | C1253: =IFERROR(IF('LT Panel Feeder Readings'!V1254="","",IF('LT Panel Feeder Readings'!V1254="",0,'LT Panel Feeder Readings'!V1254)+IF('LT Panel Feeder Readings'!Y1254="",0,'LT Panel Feeder Readings'!Y1254)),"") | D1253: =IFERROR(IF('LT Panel Feeder Readings'!BG1254="","",IF('LT Panel Feeder Readings'!BG1254="",0,'LT Panel Feeder Readings'!BG1254)+IF('LT Panel Feeder Readings'!BJ1254="",0,'LT Panel Feeder Readings'!BJ1254)),"") | E1253: =IF(B1253="","",B1253+IF(C1253="",0,C1253)+IF(D1253="",0,D1253)) | F1253: =IFERROR(IF('Fuel Status'!E1255="","",IF('Fuel Status'!E1255="",0,'Fuel Status'!E1255)+IF('Fuel Status'!J1255="",0,'Fuel Status'!J1255)+IF('Fuel Status'!O1255="",0,'Fuel Status'!O1255)),"") -> 0 | G1253: =IF(B1253="","",IF(MONTH(A1253)<>MONTH(A1252),B1253,G1252+B1253)) | H1253: =IF(C1253="","",IF(MONTH(A1253)<>MONTH(A1252),C1253,H1252+C1253)) | I1253: =IF(D1253="","",IF(MONTH(A1253)<>MONTH(A1252),D1253,I1252+D1253)) | J1253: =IF(E1253="","",IF(MONTH(A1253)<>MONTH(A1252),E1253,J1252+E1253)) | O1253: =IF(OR(J1253="",L1253="",L1253=0),"",ROUND(J1253/L1253,4)) | P1253: =IFERROR(IF('Raw Water'!U1254="","",'Raw Water'!U1254),"") | Q1253: =IFERROR(IF(STP!U1254="","",STP!U1254),"") | R1253: =IFERROR(IF(STP!V1254="","",STP!V1254),"") | S1253: =IF(P1253="","",P1253)
A1254: 47274 | B1254: =IFERROR(IF('LT Panel Feeder Readings'!E1255="","",'LT Panel Feeder Readings'!E1255),"") | C1254: =IFERROR(IF('LT Panel Feeder Readings'!V1255="","",IF('LT Panel Feeder Readings'!V1255="",0,'LT Panel Feeder Readings'!V1255)+IF('LT Panel Feeder Readings'!Y1255="",0,'LT Panel Feeder Readings'!Y1255)),"") | D1254: =IFERROR(IF('LT Panel Feeder Readings'!BG1255="","",IF('LT Panel Feeder Readings'!BG1255="",0,'LT Panel Feeder Readings'!BG1255)+IF('LT Panel Feeder Readings'!BJ1255="",0,'LT Panel Feeder Readings'!BJ1255)),"") | E1254: =IF(B1254="","",B1254+IF(C1254="",0,C1254)+IF(D1254="",0,D1254)) | F1254: =IFERROR(IF('Fuel Status'!E1256="","",IF('Fuel Status'!E1256="",0,'Fuel Status'!E1256)+IF('Fuel Status'!J1256="",0,'Fuel Status'!J1256)+IF('Fuel Status'!O1256="",0,'Fuel Status'!O1256)),"") -> 0 | G1254: =IF(B1254="","",IF(MONTH(A1254)<>MONTH(A1253),B1254,G1253+B1254)) | H1254: =IF(C1254="","",IF(MONTH(A1254)<>MONTH(A1253),C1254,H1253+C1254)) | I1254: =IF(D1254="","",IF(MONTH(A1254)<>MONTH(A1253),D1254,I1253+D1254)) | J1254: =IF(E1254="","",IF(MONTH(A1254)<>MONTH(A1253),E1254,J1253+E1254)) | O1254: =IF(OR(J1254="",L1254="",L1254=0),"",ROUND(J1254/L1254,4)) | P1254: =IFERROR(IF('Raw Water'!U1255="","",'Raw Water'!U1255),"") | Q1254: =IFERROR(IF(STP!U1255="","",STP!U1255),"") | R1254: =IFERROR(IF(STP!V1255="","",STP!V1255),"") | S1254: =IF(P1254="","",P1254)
A1255: 47275 | B1255: =IFERROR(IF('LT Panel Feeder Readings'!E1256="","",'LT Panel Feeder Readings'!E1256),"") | C1255: =IFERROR(IF('LT Panel Feeder Readings'!V1256="","",IF('LT Panel Feeder Readings'!V1256="",0,'LT Panel Feeder Readings'!V1256)+IF('LT Panel Feeder Readings'!Y1256="",0,'LT Panel Feeder Readings'!Y1256)),"") | D1255: =IFERROR(IF('LT Panel Feeder Readings'!BG1256="","",IF('LT Panel Feeder Readings'!BG1256="",0,'LT Panel Feeder Readings'!BG1256)+IF('LT Panel Feeder Readings'!BJ1256="",0,'LT Panel Feeder Readings'!BJ1256)),"") | E1255: =IF(B1255="","",B1255+IF(C1255="",0,C1255)+IF(D1255="",0,D1255)) | F1255: =IFERROR(IF('Fuel Status'!E1257="","",IF('Fuel Status'!E1257="",0,'Fuel Status'!E1257)+IF('Fuel Status'!J1257="",0,'Fuel Status'!J1257)+IF('Fuel Status'!O1257="",0,'Fuel Status'!O1257)),"") -> 0 | G1255: =IF(B1255="","",IF(MONTH(A1255)<>MONTH(A1254),B1255,G1254+B1255)) | H1255: =IF(C1255="","",IF(MONTH(A1255)<>MONTH(A1254),C1255,H1254+C1255)) | I1255: =IF(D1255="","",IF(MONTH(A1255)<>MONTH(A1254),D1255,I1254+D1255)) | J1255: =IF(E1255="","",IF(MONTH(A1255)<>MONTH(A1254),E1255,J1254+E1255)) | O1255: =IF(OR(J1255="",L1255="",L1255=0),"",ROUND(J1255/L1255,4)) | P1255: =IFERROR(IF('Raw Water'!U1256="","",'Raw Water'!U1256),"") | Q1255: =IFERROR(IF(STP!U1256="","",STP!U1256),"") | R1255: =IFERROR(IF(STP!V1256="","",STP!V1256),"") | S1255: =IF(P1255="","",P1255)
A1256: 47276 | B1256: =IFERROR(IF('LT Panel Feeder Readings'!E1257="","",'LT Panel Feeder Readings'!E1257),"") | C1256: =IFERROR(IF('LT Panel Feeder Readings'!V1257="","",IF('LT Panel Feeder Readings'!V1257="",0,'LT Panel Feeder Readings'!V1257)+IF('LT Panel Feeder Readings'!Y1257="",0,'LT Panel Feeder Readings'!Y1257)),"") | D1256: =IFERROR(IF('LT Panel Feeder Readings'!BG1257="","",IF('LT Panel Feeder Readings'!BG1257="",0,'LT Panel Feeder Readings'!BG1257)+IF('LT Panel Feeder Readings'!BJ1257="",0,'LT Panel Feeder Readings'!BJ1257)),"") | E1256: =IF(B1256="","",B1256+IF(C1256="",0,C1256)+IF(D1256="",0,D1256)) | F1256: =IFERROR(IF('Fuel Status'!E1258="","",IF('Fuel Status'!E1258="",0,'Fuel Status'!E1258)+IF('Fuel Status'!J1258="",0,'Fuel Status'!J1258)+IF('Fuel Status'!O1258="",0,'Fuel Status'!O1258)),"") -> 0 | G1256: =IF(B1256="","",IF(MONTH(A1256)<>MONTH(A1255),B1256,G1255+B1256)) | H1256: =IF(C1256="","",IF(MONTH(A1256)<>MONTH(A1255),C1256,H1255+C1256)) | I1256: =IF(D1256="","",IF(MONTH(A1256)<>MONTH(A1255),D1256,I1255+D1256)) | J1256: =IF(E1256="","",IF(MONTH(A1256)<>MONTH(A1255),E1256,J1255+E1256)) | O1256: =IF(OR(J1256="",L1256="",L1256=0),"",ROUND(J1256/L1256,4)) | P1256: =IFERROR(IF('Raw Water'!U1257="","",'Raw Water'!U1257),"") | Q1256: =IFERROR(IF(STP!U1257="","",STP!U1257),"") | R1256: =IFERROR(IF(STP!V1257="","",STP!V1257),"") | S1256: =IF(P1256="","",P1256)
A1257: 47277 | B1257: =IFERROR(IF('LT Panel Feeder Readings'!E1258="","",'LT Panel Feeder Readings'!E1258),"") | C1257: =IFERROR(IF('LT Panel Feeder Readings'!V1258="","",IF('LT Panel Feeder Readings'!V1258="",0,'LT Panel Feeder Readings'!V1258)+IF('LT Panel Feeder Readings'!Y1258="",0,'LT Panel Feeder Readings'!Y1258)),"") | D1257: =IFERROR(IF('LT Panel Feeder Readings'!BG1258="","",IF('LT Panel Feeder Readings'!BG1258="",0,'LT Panel Feeder Readings'!BG1258)+IF('LT Panel Feeder Readings'!BJ1258="",0,'LT Panel Feeder Readings'!BJ1258)),"") | E1257: =IF(B1257="","",B1257+IF(C1257="",0,C1257)+IF(D1257="",0,D1257)) | F1257: =IFERROR(IF('Fuel Status'!E1259="","",IF('Fuel Status'!E1259="",0,'Fuel Status'!E1259)+IF('Fuel Status'!J1259="",0,'Fuel Status'!J1259)+IF('Fuel Status'!O1259="",0,'Fuel Status'!O1259)),"") -> 0 | G1257: =IF(B1257="","",IF(MONTH(A1257)<>MONTH(A1256),B1257,G1256+B1257)) | H1257: =IF(C1257="","",IF(MONTH(A1257)<>MONTH(A1256),C1257,H1256+C1257)) | I1257: =IF(D1257="","",IF(MONTH(A1257)<>MONTH(A1256),D1257,I1256+D1257)) | J1257: =IF(E1257="","",IF(MONTH(A1257)<>MONTH(A1256),E1257,J1256+E1257)) | O1257: =IF(OR(J1257="",L1257="",L1257=0),"",ROUND(J1257/L1257,4)) | P1257: =IFERROR(IF('Raw Water'!U1258="","",'Raw Water'!U1258),"") | Q1257: =IFERROR(IF(STP!U1258="","",STP!U1258),"") | R1257: =IFERROR(IF(STP!V1258="","",STP!V1258),"") | S1257: =IF(P1257="","",P1257)
A1258: 47278 | B1258: =IFERROR(IF('LT Panel Feeder Readings'!E1259="","",'LT Panel Feeder Readings'!E1259),"") | C1258: =IFERROR(IF('LT Panel Feeder Readings'!V1259="","",IF('LT Panel Feeder Readings'!V1259="",0,'LT Panel Feeder Readings'!V1259)+IF('LT Panel Feeder Readings'!Y1259="",0,'LT Panel Feeder Readings'!Y1259)),"") | D1258: =IFERROR(IF('LT Panel Feeder Readings'!BG1259="","",IF('LT Panel Feeder Readings'!BG1259="",0,'LT Panel Feeder Readings'!BG1259)+IF('LT Panel Feeder Readings'!BJ1259="",0,'LT Panel Feeder Readings'!BJ1259)),"") | E1258: =IF(B1258="","",B1258+IF(C1258="",0,C1258)+IF(D1258="",0,D1258)) | F1258: =IFERROR(IF('Fuel Status'!E1260="","",IF('Fuel Status'!E1260="",0,'Fuel Status'!E1260)+IF('Fuel Status'!J1260="",0,'Fuel Status'!J1260)+IF('Fuel Status'!O1260="",0,'Fuel Status'!O1260)),"") -> 0 | G1258: =IF(B1258="","",IF(MONTH(A1258)<>MONTH(A1257),B1258,G1257+B1258)) | H1258: =IF(C1258="","",IF(MONTH(A1258)<>MONTH(A1257),C1258,H1257+C1258)) | I1258: =IF(D1258="","",IF(MONTH(A1258)<>MONTH(A1257),D1258,I1257+D1258)) | J1258: =IF(E1258="","",IF(MONTH(A1258)<>MONTH(A1257),E1258,J1257+E1258)) | O1258: =IF(OR(J1258="",L1258="",L1258=0),"",ROUND(J1258/L1258,4)) | P1258: =IFERROR(IF('Raw Water'!U1259="","",'Raw Water'!U1259),"") | Q1258: =IFERROR(IF(STP!U1259="","",STP!U1259),"") | R1258: =IFERROR(IF(STP!V1259="","",STP!V1259),"") | S1258: =IF(P1258="","",P1258)
... A1380: 47400 | B1380: =IFERROR(IF('LT Panel Feeder Readings'!E1381="","",'LT Panel Feeder Readings'!E1381),"") | C1380: =IFERROR(IF('LT Panel Feeder Readings'!V1381="","",IF('LT Panel Feeder Readings'!V1381="",0,'LT Panel Feeder Readings'!V1381)+IF('LT Panel Feeder Readings'!Y1381="",0,'LT Panel Feeder Readings'!Y1381)),"") | D1380: =IFERROR(IF('LT Panel Feeder Readings'!BG1381="","",IF('LT Panel Feeder Readings'!BG1381="",0,'LT Panel Feeder Readings'!BG1381)+IF('LT Panel Feeder Readings'!BJ1381="",0,'LT Panel Feeder Readings'!BJ1381)),"") | E1380: =IF(B1380="","",B1380+IF(C1380="",0,C1380)+IF(D1380="",0,D1380)) | F1380: =IFERROR(IF('Fuel Status'!E1382="","",IF('Fuel Status'!E1382="",0,'Fuel Status'!E1382)+IF('Fuel Status'!J1382="",0,'Fuel Status'!J1382)+IF('Fuel Status'!O1382="",0,'Fuel Status'!O1382)),"") -> 0 | G1380: =IF(B1380="","",IF(MONTH(A1380)<>MONTH(A1379),B1380,G1379+B1380)) | H1380: =IF(C1380="","",IF(MONTH(A1380)<>MONTH(A1379),C1380,H1379+C1380)) | I1380: =IF(D1380="","",IF(MONTH(A1380)<>MONTH(A1379),D1380,I1379+D1380)) | J1380: =IF(E1380="","",IF(MONTH(A1380)<>MONTH(A1379),E1380,J1379+E1380)) | O1380: =IF(OR(J1380="",L1380="",L1380=0),"",ROUND(J1380/L1380,4)) | P1380: =IFERROR(IF('Raw Water'!U1381="","",'Raw Water'!U1381),"") | Q1380: =IFERROR(IF(STP!U1381="","",STP!U1381),"") | R1380: =IFERROR(IF(STP!V1381="","",STP!V1381),"") | S1380: =IF(P1380="","",P1380)
A1381: 47401 | B1381: =IFERROR(IF('LT Panel Feeder Readings'!D1382="","",'LT Panel Feeder Readings'!D1382),"") | C1381: =IFERROR(IF('LT Panel Feeder Readings'!V1382="","",IF('LT Panel Feeder Readings'!V1382="",0,'LT Panel Feeder Readings'!V1382)+IF('LT Panel Feeder Readings'!Y1382="",0,'LT Panel Feeder Readings'!Y1382)),"") | D1381: =IFERROR(IF('LT Panel Feeder Readings'!BG1382="","",IF('LT Panel Feeder Readings'!BG1382="",0,'LT Panel Feeder Readings'!BG1382)+IF('LT Panel Feeder Readings'!BJ1382="",0,'LT Panel Feeder Readings'!BJ1382)),"") | E1381: =IF(B1381="","",B1381+IF(C1381="",0,C1381)+IF(D1381="",0,D1381)) | F1381: =IFERROR(IF('Fuel Status'!E1383="","",IF('Fuel Status'!E1383="",0,'Fuel Status'!E1383)+IF('Fuel Status'!J1383="",0,'Fuel Status'!J1383)+IF('Fuel Status'!O1383="",0,'Fuel Status'!O1383)),"") -> 0 | G1381: =IF(B1381="","",IF(MONTH(A1381)<>MONTH(A1380),B1381,G1380+B1381)) | H1381: =IF(C1381="","",IF(MONTH(A1381)<>MONTH(A1380),C1381,H1380+C1381)) | I1381: =IF(D1381="","",IF(MONTH(A1381)<>MONTH(A1380),D1381,I1380+D1381)) | J1381: =IF(E1381="","",IF(MONTH(A1381)<>MONTH(A1380),E1381,J1380+E1381)) | O1381: =IF(OR(J1381="",L1381="",L1381=0),"",ROUND(J1381/L1381,4)) | P1381: =IFERROR(IF('Raw Water'!U1382="","",'Raw Water'!U1382),"") | Q1381: =IFERROR(IF(STP!U1382="","",STP!U1382),"") | R1381: =IFERROR(IF(STP!V1382="","",STP!V1382),"") | S1381: =IF(P1381="","",P1381)
A1382: 47402 | B1382: =IFERROR(IF('LT Panel Feeder Readings'!D1383="","",'LT Panel Feeder Readings'!D1383),"") | C1382: =IFERROR(IF('LT Panel Feeder Readings'!V1383="","",IF('LT Panel Feeder Readings'!V1383="",0,'LT Panel Feeder Readings'!V1383)+IF('LT Panel Feeder Readings'!Y1383="",0,'LT Panel Feeder Readings'!Y1383)),"") | D1382: =IFERROR(IF('LT Panel Feeder Readings'!BG1383="","",IF('LT Panel Feeder Readings'!BG1383="",0,'LT Panel Feeder Readings'!BG1383)+IF('LT Panel Feeder Readings'!BJ1383="",0,'LT Panel Feeder Readings'!BJ1383)),"") | E1382: =IF(B1382="","",B1382+IF(C1382="",0,C1382)+IF(D1382="",0,D1382)) | F1382: =IFERROR(IF('Fuel Status'!E1384="","",IF('Fuel Status'!E1384="",0,'Fuel Status'!E1384)+IF('Fuel Status'!J1384="",0,'Fuel Status'!J1384)+IF('Fuel Status'!O1384="",0,'Fuel Status'!O1384)),"") -> 0 | G1382: =IF(B1382="","",IF(MONTH(A1382)<>MONTH(A1381),B1382,G1381+B1382)) | H1382: =IF(C1382="","",IF(MONTH(A1382)<>MONTH(A1381),C1382,H1381+C1382)) | I1382: =IF(D1382="","",IF(MONTH(A1382)<>MONTH(A1381),D1382,I1381+D1382)) | J1382: =IF(E1382="","",IF(MONTH(A1382)<>MONTH(A1381),E1382,J1381+E1382)) | O1382: =IF(OR(J1382="",L1382="",L1382=0),"",ROUND(J1382/L1382,4)) | P1382: =IFERROR(IF('Raw Water'!U1383="","",'Raw Water'!U1383),"") | Q1382: =IFERROR(IF(STP!U1383="","",STP!U1383),"") | R1382: =IFERROR(IF(STP!V1383="","",STP!V1383),"") | S1382: =IF(P1382="","",P1382)
A1383: 47403 | B1383: =IFERROR(IF('LT Panel Feeder Readings'!D1384="","",'LT Panel Feeder Readings'!D1384),"") | C1383: =IFERROR(IF('LT Panel Feeder Readings'!V1384="","",IF('LT Panel Feeder Readings'!V1384="",0,'LT Panel Feeder Readings'!V1384)+IF('LT Panel Feeder Readings'!Y1384="",0,'LT Panel Feeder Readings'!Y1384)),"") | D1383: =IFERROR(IF('LT Panel Feeder Readings'!BG1384="","",IF('LT Panel Feeder Readings'!BG1384="",0,'LT Panel Feeder Readings'!BG1384)+IF('LT Panel Feeder Readings'!BJ1384="",0,'LT Panel Feeder Readings'!BJ1384)),"") | E1383: =IF(B1383="","",B1383+IF(C1383="",0,C1383)+IF(D1383="",0,D1383)) | F1383: =IFERROR(IF('Fuel Status'!E1385="","",IF('Fuel Status'!E1385="",0,'Fuel Status'!E1385)+IF('Fuel Status'!J1385="",0,'Fuel Status'!J1385)+IF('Fuel Status'!O1385="",0,'Fuel Status'!O1385)),"") -> 0 | G1383: =IF(B1383="","",IF(MONTH(A1383)<>MONTH(A1382),B1383,G1382+B1383)) | H1383: =IF(C1383="","",IF(MONTH(A1383)<>MONTH(A1382),C1383,H1382+C1383)) | I1383: =IF(D1383="","",IF(MONTH(A1383)<>MONTH(A1382),D1383,I1382+D1383)) | J1383: =IF(E1383="","",IF(MONTH(A1383)<>MONTH(A1382),E1383,J1382+E1383)) | O1383: =IF(OR(J1383="",L1383="",L1383=0),"",ROUND(J1383/L1383,4)) | P1383: =IFERROR(IF('Raw Water'!U1384="","",'Raw Water'!U1384),"") | Q1383: =IFERROR(IF(STP!U1384="","",STP!U1384),"") | R1383: =IFERROR(IF(STP!V1384="","",STP!V1384),"") | S1383: =IF(P1383="","",P1383)
A1384: 47404 | B1384: =IFERROR(IF('LT Panel Feeder Readings'!D1385="","",'LT Panel Feeder Readings'!D1385),"") | C1384: =IFERROR(IF('LT Panel Feeder Readings'!V1385="","",IF('LT Panel Feeder Readings'!V1385="",0,'LT Panel Feeder Readings'!V1385)+IF('LT Panel Feeder Readings'!Y1385="",0,'LT Panel Feeder Readings'!Y1385)),"") | D1384: =IFERROR(IF('LT Panel Feeder Readings'!BG1385="","",IF('LT Panel Feeder Readings'!BG1385="",0,'LT Panel Feeder Readings'!BG1385)+IF('LT Panel Feeder Readings'!BJ1385="",0,'LT Panel Feeder Readings'!BJ1385)),"") | E1384: =IF(B1384="","",B1384+IF(C1384="",0,C1384)+IF(D1384="",0,D1384)) | F1384: =IFERROR(IF('Fuel Status'!E1386="","",IF('Fuel Status'!E1386="",0,'Fuel Status'!E1386)+IF('Fuel Status'!J1386="",0,'Fuel Status'!J1386)+IF('Fuel Status'!O1386="",0,'Fuel Status'!O1386)),"") -> 0 | G1384: =IF(B1384="","",IF(MONTH(A1384)<>MONTH(A1383),B1384,G1383+B1384)) | H1384: =IF(C1384="","",IF(MONTH(A1384)<>MONTH(A1383),C1384,H1383+C1384)) | I1384: =IF(D1384="","",IF(MONTH(A1384)<>MONTH(A1383),D1384,I1383+D1384)) | J1384: =IF(E1384="","",IF(MONTH(A1384)<>MONTH(A1383),E1384,J1383+E1384)) | O1384: =IF(OR(J1384="",L1384="",L1384=0),"",ROUND(J1384/L1384,4)) | P1384: =IFERROR(IF('Raw Water'!U1385="","",'Raw Water'!U1385),"") | Q1384: =IFERROR(IF(STP!U1385="","",STP!U1385),"") | R1384: =IFERROR(IF(STP!V1385="","",STP!V1385),"") | S1384: =IF(P1384="","",P1384)
A1385: 47405 | B1385: =IFERROR(IF('LT Panel Feeder Readings'!D1386="","",'LT Panel Feeder Readings'!D1386),"") | C1385: =IFERROR(IF('LT Panel Feeder Readings'!V1386="","",IF('LT Panel Feeder Readings'!V1386="",0,'LT Panel Feeder Readings'!V1386)+IF('LT Panel Feeder Readings'!Y1386="",0,'LT Panel Feeder Readings'!Y1386)),"") | D1385: =IFERROR(IF('LT Panel Feeder Readings'!BG1386="","",IF('LT Panel Feeder Readings'!BG1386="",0,'LT Panel Feeder Readings'!BG1386)+IF('LT Panel Feeder Readings'!BJ1386="",0,'LT Panel Feeder Readings'!BJ1386)),"") | E1385: =IF(B1385="","",B1385+IF(C1385="",0,C1385)+IF(D1385="",0,D1385)) | F1385: =IFERROR(IF('Fuel Status'!E1387="","",IF('Fuel Status'!E1387="",0,'Fuel Status'!E1387)+IF('Fuel Status'!J1387="",0,'Fuel Status'!J1387)+IF('Fuel Status'!O1387="",0,'Fuel Status'!O1387)),"") -> 0 | G1385: =IF(B1385="","",IF(MONTH(A1385)<>MONTH(A1384),B1385,G1384+B1385)) | H1385: =IF(C1385="","",IF(MONTH(A1385)<>MONTH(A1384),C1385,H1384+C1385)) | I1385: =IF(D1385="","",IF(MONTH(A1385)<>MONTH(A1384),D1385,I1384+D1385)) | J1385: =IF(E1385="","",IF(MONTH(A1385)<>MONTH(A1384),E1385,J1384+E1385)) | O1385: =IF(OR(J1385="",L1385="",L1385=0),"",ROUND(J1385/L1385,4)) | P1385: =IFERROR(IF('Raw Water'!U1386="","",'Raw Water'!U1386),"") | Q1385: =IFERROR(IF(STP!U1386="","",STP!U1386),"") | R1385: =IFERROR(IF(STP!V1386="","",STP!V1386),"") | S1385: =IF(P1385="","",P1385)
A1386: 47406 | B1386: =IFERROR(IF('LT Panel Feeder Readings'!D1387="","",'LT Panel Feeder Readings'!D1387),"") | C1386: =IFERROR(IF('LT Panel Feeder Readings'!V1387="","",IF('LT Panel Feeder Readings'!V1387="",0,'LT Panel Feeder Readings'!V1387)+IF('LT Panel Feeder Readings'!Y1387="",0,'LT Panel Feeder Readings'!Y1387)),"") | D1386: =IFERROR(IF('LT Panel Feeder Readings'!BG1387="","",IF('LT Panel Feeder Readings'!BG1387="",0,'LT Panel Feeder Readings'!BG1387)+IF('LT Panel Feeder Readings'!BJ1387="",0,'LT Panel Feeder Readings'!BJ1387)),"") | E1386: =IF(B1386="","",B1386+IF(C1386="",0,C1386)+IF(D1386="",0,D1386)) | F1386: =IFERROR(IF('Fuel Status'!E1388="","",IF('Fuel Status'!E1388="",0,'Fuel Status'!E1388)+IF('Fuel Status'!J1388="",0,'Fuel Status'!J1388)+IF('Fuel Status'!O1388="",0,'Fuel Status'!O1388)),"") -> 0 | G1386: =IF(B1386="","",IF(MONTH(A1386)<>MONTH(A1385),B1386,G1385+B1386)) | H1386: =IF(C1386="","",IF(MONTH(A1386)<>MONTH(A1385),C1386,H1385+C1386)) | I1386: =IF(D1386="","",IF(MONTH(A1386)<>MONTH(A1385),D1386,I1385+D1386)) | J1386: =IF(E1386="","",IF(MONTH(A1386)<>MONTH(A1385),E1386,J1385+E1386)) | O1386: =IF(OR(J1386="",L1386="",L1386=0),"",ROUND(J1386/L1386,4)) | P1386: =IFERROR(IF('Raw Water'!U1387="","",'Raw Water'!U1387),"") | Q1386: =IFERROR(IF(STP!U1387="","",STP!U1387),"") | R1386: =IFERROR(IF(STP!V1387="","",STP!V1387),"") | S1386: =IF(P1386="","",P1386)
A1387: 47407 | B1387: =IFERROR(IF('LT Panel Feeder Readings'!D1388="","",'LT Panel Feeder Readings'!D1388),"") | C1387: =IFERROR(IF('LT Panel Feeder Readings'!V1388="","",IF('LT Panel Feeder Readings'!V1388="",0,'LT Panel Feeder Readings'!V1388)+IF('LT Panel Feeder Readings'!Y1388="",0,'LT Panel Feeder Readings'!Y1388)),"") | D1387: =IFERROR(IF('LT Panel Feeder Readings'!BG1388="","",IF('LT Panel Feeder Readings'!BG1388="",0,'LT Panel Feeder Readings'!BG1388)+IF('LT Panel Feeder Readings'!BJ1388="",0,'LT Panel Feeder Readings'!BJ1388)),"") | E1387: =IF(B1387="","",B1387+IF(C1387="",0,C1387)+IF(D1387="",0,D1387)) | F1387: =IFERROR(IF('Fuel Status'!E1389="","",IF('Fuel Status'!E1389="",0,'Fuel Status'!E1389)+IF('Fuel Status'!J1389="",0,'Fuel Status'!J1389)+IF('Fuel Status'!O1389="",0,'Fuel Status'!O1389)),"") -> 0 | G1387: =IF(B1387="","",IF(MONTH(A1387)<>MONTH(A1386),B1387,G1386+B1387)) | H1387: =IF(C1387="","",IF(MONTH(A1387)<>MONTH(A1386),C1387,H1386+C1387)) | I1387: =IF(D1387="","",IF(MONTH(A1387)<>MONTH(A1386),D1387,I1386+D1387)) | J1387: =IF(E1387="","",IF(MONTH(A1387)<>MONTH(A1386),E1387,J1386+E1387)) | O1387: =IF(OR(J1387="",L1387="",L1387=0),"",ROUND(J1387/L1387,4)) | P1387: =IFERROR(IF('Raw Water'!U1388="","",'Raw Water'!U1388),"") | Q1387: =IFERROR(IF(STP!U1388="","",STP!U1388),"") | R1387: =IFERROR(IF(STP!V1388="","",STP!V1388),"") | S1387: =IF(P1387="","",P1387)
A1388: 47408 | B1388: =IFERROR(IF('LT Panel Feeder Readings'!D1389="","",'LT Panel Feeder Readings'!D1389),"") | C1388: =IFERROR(IF('LT Panel Feeder Readings'!V1389="","",IF('LT Panel Feeder Readings'!V1389="",0,'LT Panel Feeder Readings'!V1389)+IF('LT Panel Feeder Readings'!Y1389="",0,'LT Panel Feeder Readings'!Y1389)),"") | D1388: =IFERROR(IF('LT Panel Feeder Readings'!BG1389="","",IF('LT Panel Feeder Readings'!BG1389="",0,'LT Panel Feeder Readings'!BG1389)+IF('LT Panel Feeder Readings'!BJ1389="",0,'LT Panel Feeder Readings'!BJ1389)),"") | E1388: =IF(B1388="","",B1388+IF(C1388="",0,C1388)+IF(D1388="",0,D1388)) | F1388: =IFERROR(IF('Fuel Status'!E1390="","",IF('Fuel Status'!E1390="",0,'Fuel Status'!E1390)+IF('Fuel Status'!J1390="",0,'Fuel Status'!J1390)+IF('Fuel Status'!O1390="",0,'Fuel Status'!O1390)),"") -> 0 | G1388: =IF(B1388="","",IF(MONTH(A1388)<>MONTH(A1387),B1388,G1387+B1388)) | H1388: =IF(C1388="","",IF(MONTH(A1388)<>MONTH(A1387),C1388,H1387+C1388)) | I1388: =IF(D1388="","",IF(MONTH(A1388)<>MONTH(A1387),D1388,I1387+D1388)) | J1388: =IF(E1388="","",IF(MONTH(A1388)<>MONTH(A1387),E1388,J1387+E1388)) | O1388: =IF(OR(J1388="",L1388="",L1388=0),"",ROUND(J1388/L1388,4)) | P1388: =IFERROR(IF('Raw Water'!U1389="","",'Raw Water'!U1389),"") | Q1388: =IFERROR(IF(STP!U1389="","",STP!U1389),"") | R1388: =IFERROR(IF(STP!V1389="","",STP!V1389),"") | S1388: =IF(P1388="","",P1388)
A1389: 47409 | B1389: =IFERROR(IF('LT Panel Feeder Readings'!D1390="","",'LT Panel Feeder Readings'!D1390),"") | C1389: =IFERROR(IF('LT Panel Feeder Readings'!V1390="","",IF('LT Panel Feeder Readings'!V1390="",0,'LT Panel Feeder Readings'!V1390)+IF('LT Panel Feeder Readings'!Y1390="",0,'LT Panel Feeder Readings'!Y1390)),"") | D1389: =IFERROR(IF('LT Panel Feeder Readings'!BG1390="","",IF('LT Panel Feeder Readings'!BG1390="",0,'LT Panel Feeder Readings'!BG1390)+IF('LT Panel Feeder Readings'!BJ1390="",0,'LT Panel Feeder Readings'!BJ1390)),"") | E1389: =IF(B1389="","",B1389+IF(C1389="",0,C1389)+IF(D1389="",0,D1389)) | F1389: =IFERROR(IF('Fuel Status'!E1391="","",IF('Fuel Status'!E1391="",0,'Fuel Status'!E1391)+IF('Fuel Status'!J1391="",0,'Fuel Status'!J1391)+IF('Fuel Status'!O1391="",0,'Fuel Status'!O1391)),"") -> 0 | G1389: =IF(B1389="","",IF(MONTH(A1389)<>MONTH(A1388),B1389,G1388+B1389)) | H1389: =IF(C1389="","",IF(MONTH(A1389)<>MONTH(A1388),C1389,H1388+C1389)) | I1389: =IF(D1389="","",IF(MONTH(A1389)<>MONTH(A1388),D1389,I1388+D1389)) | J1389: =IF(E1389="","",IF(MONTH(A1389)<>MONTH(A1388),E1389,J1388+E1389)) | O1389: =IF(OR(J1389="",L1389="",L1389=0),"",ROUND(J1389/L1389,4)) | P1389: =IFERROR(IF('Raw Water'!U1390="","",'Raw Water'!U1390),"") | Q1389: =IFERROR(IF(STP!U1390="","",STP!U1390),"") | R1389: =IFERROR(IF(STP!V1390="","",STP!V1390),"") | S1389: =IF(P1389="","",P1389)
A1390: 47410 | B1390: =IFERROR(IF('LT Panel Feeder Readings'!D1391="","",'LT Panel Feeder Readings'!D1391),"") | C1390: =IFERROR(IF('LT Panel Feeder Readings'!V1391="","",IF('LT Panel Feeder Readings'!V1391="",0,'LT Panel Feeder Readings'!V1391)+IF('LT Panel Feeder Readings'!Y1391="",0,'LT Panel Feeder Readings'!Y1391)),"") | D1390: =IFERROR(IF('LT Panel Feeder Readings'!BG1391="","",IF('LT Panel Feeder Readings'!BG1391="",0,'LT Panel Feeder Readings'!BG1391)+IF('LT Panel Feeder Readings'!BJ1391="",0,'LT Panel Feeder Readings'!BJ1391)),"") | E1390: =IF(B1390="","",B1390+IF(C1390="",0,C1390)+IF(D1390="",0,D1390)) | F1390: =IFERROR(IF('Fuel Status'!E1392="","",IF('Fuel Status'!E1392="",0,'Fuel Status'!E1392)+IF('Fuel Status'!J1392="",0,'Fuel Status'!J1392)+IF('Fuel Status'!O1392="",0,'Fuel Status'!O1392)),"") -> 0 | G1390: =IF(B1390="","",IF(MONTH(A1390)<>MONTH(A1389),B1390,G1389+B1390)) | H1390: =IF(C1390="","",IF(MONTH(A1390)<>MONTH(A1389),C1390,H1389+C1390)) | I1390: =IF(D1390="","",IF(MONTH(A1390)<>MONTH(A1389),D1390,I1389+D1390)) | J1390: =IF(E1390="","",IF(MONTH(A1390)<>MONTH(A1389),E1390,J1389+E1390)) | O1390: =IF(OR(J1390="",L1390="",L1390=0),"",ROUND(J1390/L1390,4)) | P1390: =IFERROR(IF('Raw Water'!U1391="","",'Raw Water'!U1391),"") | Q1390: =IFERROR(IF(STP!U1391="","",STP!U1391),"") | R1390: =IFERROR(IF(STP!V1391="","",STP!V1391),"") | S1390: =IF(P1390="","",P1390)
A1391: 47411 | B1391: =IFERROR(IF('LT Panel Feeder Readings'!D1392="","",'LT Panel Feeder Readings'!D1392),"") | C1391: =IFERROR(IF('LT Panel Feeder Readings'!V1392="","",IF('LT Panel Feeder Readings'!V1392="",0,'LT Panel Feeder Readings'!V1392)+IF('LT Panel Feeder Readings'!Y1392="",0,'LT Panel Feeder Readings'!Y1392)),"") | D1391: =IFERROR(IF('LT Panel Feeder Readings'!AQ1392="","",IF('LT Panel Feeder Readings'!AQ1392="",0,'LT Panel Feeder Readings'!AQ1392)+IF('LT Panel Feeder Readings'!BI1392="",0,'LT Panel Feeder Readings'!BI1392)),"") | E1391: =IF(B1391="","",B1391+IF(C1391="",0,C1391)+IF(D1391="",0,D1391)) | F1391: =IFERROR(IF('Fuel Status'!E1393="","",IF('Fuel Status'!E1393="",0,'Fuel Status'!E1393)+IF('Fuel Status'!J1393="",0,'Fuel Status'!J1393)+IF('Fuel Status'!O1393="",0,'Fuel Status'!O1393)),"") -> 0 | G1391: =IF(B1391="","",IF(MONTH(A1391)<>MONTH(A1390),B1391,G1390+B1391)) | H1391: =IF(C1391="","",IF(MONTH(A1391)<>MONTH(A1390),C1391,H1390+C1391)) | I1391: =IF(D1391="","",IF(MONTH(A1391)<>MONTH(A1390),D1391,I1390+D1391)) | J1391: =IF(E1391="","",IF(MONTH(A1391)<>MONTH(A1390),E1391,J1390+E1391)) | O1391: =IF(OR(J1391="",L1391="",L1391=0),"",ROUND(J1391/L1391,4)) | P1391: =IFERROR(IF('Raw Water'!U1392="","",'Raw Water'!U1392),"") | Q1391: =IFERROR(IF(STP!U1392="","",STP!U1392),"") | R1391: =IFERROR(IF(STP!V1392="","",STP!V1392),"") | S1391: =IF(P1391="","",P1391)
A1392: 47412 | B1392: =IFERROR(IF('LT Panel Feeder Readings'!D1393="","",'LT Panel Feeder Readings'!D1393),"") | C1392: =IFERROR(IF('LT Panel Feeder Readings'!V1393="","",IF('LT Panel Feeder Readings'!V1393="",0,'LT Panel Feeder Readings'!V1393)+IF('LT Panel Feeder Readings'!Y1393="",0,'LT Panel Feeder Readings'!Y1393)),"") | D1392: =IFERROR(IF('LT Panel Feeder Readings'!AQ1393="","",IF('LT Panel Feeder Readings'!AQ1393="",0,'LT Panel Feeder Readings'!AQ1393)+IF('LT Panel Feeder Readings'!BI1393="",0,'LT Panel Feeder Readings'!BI1393)),"") | E1392: =IF(B1392="","",B1392+IF(C1392="",0,C1392)+IF(D1392="",0,D1392)) | F1392: =IFERROR(IF('Fuel Status'!E1394="","",IF('Fuel Status'!E1394="",0,'Fuel Status'!E1394)+IF('Fuel Status'!J1394="",0,'Fuel Status'!J1394)+IF('Fuel Status'!O1394="",0,'Fuel Status'!O1394)),"") -> 0 | G1392: =IF(B1392="","",IF(MONTH(A1392)<>MONTH(A1391),B1392,G1391+B1392)) | H1392: =IF(C1392="","",IF(MONTH(A1392)<>MONTH(A1391),C1392,H1391+C1392)) | I1392: =IF(D1392="","",IF(MONTH(A1392)<>MONTH(A1391),D1392,I1391+D1392)) | J1392: =IF(E1392="","",IF(MONTH(A1392)<>MONTH(A1391),E1392,J1391+E1392)) | O1392: =IF(OR(J1392="",L1392="",L1392=0),"",ROUND(J1392/L1392,4)) | P1392: =IFERROR(IF('Raw Water'!U1393="","",'Raw Water'!U1393),"") | Q1392: =IFERROR(IF(STP!U1393="","",STP!U1393),"") | R1392: =IFERROR(IF(STP!V1393="","",STP!V1393),"") | S1392: =IF(P1392="","",P1392)
A1393: 47413 | B1393: =IFERROR(IF('LT Panel Feeder Readings'!D1394="","",'LT Panel Feeder Readings'!D1394),"") | C1393: =IFERROR(IF('LT Panel Feeder Readings'!V1394="","",IF('LT Panel Feeder Readings'!V1394="",0,'LT Panel Feeder Readings'!V1394)+IF('LT Panel Feeder Readings'!Y1394="",0,'LT Panel Feeder Readings'!Y1394)),"") | D1393: =IFERROR(IF('LT Panel Feeder Readings'!AQ1394="","",IF('LT Panel Feeder Readings'!AQ1394="",0,'LT Panel Feeder Readings'!AQ1394)+IF('LT Panel Feeder Readings'!BI1394="",0,'LT Panel Feeder Readings'!BI1394)),"") | E1393: =IF(B1393="","",B1393+IF(C1393="",0,C1393)+IF(D1393="",0,D1393)) | F1393: =IFERROR(IF('Fuel Status'!E1395="","",IF('Fuel Status'!E1395="",0,'Fuel Status'!E1395)+IF('Fuel Status'!J1395="",0,'Fuel Status'!J1395)+IF('Fuel Status'!O1395="",0,'Fuel Status'!O1395)),"") -> 0 | G1393: =IF(B1393="","",IF(MONTH(A1393)<>MONTH(A1392),B1393,G1392+B1393)) | H1393: =IF(C1393="","",IF(MONTH(A1393)<>MONTH(A1392),C1393,H1392+C1393)) | I1393: =IF(D1393="","",IF(MONTH(A1393)<>MONTH(A1392),D1393,I1392+D1393)) | J1393: =IF(E1393="","",IF(MONTH(A1393)<>MONTH(A1392),E1393,J1392+E1393)) | O1393: =IF(OR(J1393="",L1393="",L1393=0),"",ROUND(J1393/L1393,4)) | P1393: =IFERROR(IF('Raw Water'!U1394="","",'Raw Water'!U1394),"") | Q1393: =IFERROR(IF(STP!U1394="","",STP!U1394),"") | R1393: =IFERROR(IF(STP!V1394="","",STP!V1394),"") | S1393: =IF(P1393="","",P1393)
A1394: 47414 | B1394: =IFERROR(IF('LT Panel Feeder Readings'!D1395="","",'LT Panel Feeder Readings'!D1395),"") | C1394: =IFERROR(IF('LT Panel Feeder Readings'!V1395="","",IF('LT Panel Feeder Readings'!V1395="",0,'LT Panel Feeder Readings'!V1395)+IF('LT Panel Feeder Readings'!Y1395="",0,'LT Panel Feeder Readings'!Y1395)),"") | D1394: =IFERROR(IF('LT Panel Feeder Readings'!AQ1395="","",IF('LT Panel Feeder Readings'!AQ1395="",0,'LT Panel Feeder Readings'!AQ1395)+IF('LT Panel Feeder Readings'!BI1395="",0,'LT Panel Feeder Readings'!BI1395)),"") | E1394: =IF(B1394="","",B1394+IF(C1394="",0,C1394)+IF(D1394="",0,D1394)) | F1394: =IFERROR(IF('Fuel Status'!E1396="","",IF('Fuel Status'!E1396="",0,'Fuel Status'!E1396)+IF('Fuel Status'!J1396="",0,'Fuel Status'!J1396)+IF('Fuel Status'!O1396="",0,'Fuel Status'!O1396)),"") -> 0 | G1394: =IF(B1394="","",IF(MONTH(A1394)<>MONTH(A1393),B1394,G1393+B1394)) | H1394: =IF(C1394="","",IF(MONTH(A1394)<>MONTH(A1393),C1394,H1393+C1394)) | I1394: =IF(D1394="","",IF(MONTH(A1394)<>MONTH(A1393),D1394,I1393+D1394)) | J1394: =IF(E1394="","",IF(MONTH(A1394)<>MONTH(A1393),E1394,J1393+E1394)) | O1394: =IF(OR(J1394="",L1394="",L1394=0),"",ROUND(J1394/L1394,4)) | P1394: =IFERROR(IF('Raw Water'!U1395="","",'Raw Water'!U1395),"") | Q1394: =IFERROR(IF(STP!U1395="","",STP!U1395),"") | R1394: =IFERROR(IF(STP!V1395="","",STP!V1395),"") | S1394: =IF(P1394="","",P1394)
A1395: 47415 | B1395: =IFERROR(IF('LT Panel Feeder Readings'!D1396="","",'LT Panel Feeder Readings'!D1396),"") | C1395: =IFERROR(IF('LT Panel Feeder Readings'!V1396="","",IF('LT Panel Feeder Readings'!V1396="",0,'LT Panel Feeder Readings'!V1396)+IF('LT Panel Feeder Readings'!Y1396="",0,'LT Panel Feeder Readings'!Y1396)),"") | D1395: =IFERROR(IF('LT Panel Feeder Readings'!AQ1396="","",IF('LT Panel Feeder Readings'!AQ1396="",0,'LT Panel Feeder Readings'!AQ1396)+IF('LT Panel Feeder Readings'!BI1396="",0,'LT Panel Feeder Readings'!BI1396)),"") | E1395: =IF(B1395="","",B1395+IF(C1395="",0,C1395)+IF(D1395="",0,D1395)) | F1395: =IFERROR(IF('Fuel Status'!E1397="","",IF('Fuel Status'!E1397="",0,'Fuel Status'!E1397)+IF('Fuel Status'!J1397="",0,'Fuel Status'!J1397)+IF('Fuel Status'!O1397="",0,'Fuel Status'!O1397)),"") -> 0 | G1395: =IF(B1395="","",IF(MONTH(A1395)<>MONTH(A1394),B1395,G1394+B1395)) | H1395: =IF(C1395="","",IF(MONTH(A1395)<>MONTH(A1394),C1395,H1394+C1395)) | I1395: =IF(D1395="","",IF(MONTH(A1395)<>MONTH(A1394),D1395,I1394+D1395)) | J1395: =IF(E1395="","",IF(MONTH(A1395)<>MONTH(A1394),E1395,J1394+E1395)) | O1395: =IF(OR(J1395="",L1395="",L1395=0),"",ROUND(J1395/L1395,4)) | P1395: =IFERROR(IF('Raw Water'!U1396="","",'Raw Water'!U1396),"") | Q1395: =IFERROR(IF(STP!U1396="","",STP!U1396),"") | R1395: =IFERROR(IF(STP!V1396="","",STP!V1396),"") | S1395: =IF(P1395="","",P1395)
A1396: 47416 | B1396: =IFERROR(IF('LT Panel Feeder Readings'!D1397="","",'LT Panel Feeder Readings'!D1397),"") | C1396: =IFERROR(IF('LT Panel Feeder Readings'!V1397="","",IF('LT Panel Feeder Readings'!V1397="",0,'LT Panel Feeder Readings'!V1397)+IF('LT Panel Feeder Readings'!Y1397="",0,'LT Panel Feeder Readings'!Y1397)),"") | D1396: =IFERROR(IF('LT Panel Feeder Readings'!AQ1397="","",IF('LT Panel Feeder Readings'!AQ1397="",0,'LT Panel Feeder Readings'!AQ1397)+IF('LT Panel Feeder Readings'!BI1397="",0,'LT Panel Feeder Readings'!BI1397)),"") | E1396: =IF(B1396="","",B1396+IF(C1396="",0,C1396)+IF(D1396="",0,D1396)) | F1396: =IFERROR(IF('Fuel Status'!E1398="","",IF('Fuel Status'!E1398="",0,'Fuel Status'!E1398)+IF('Fuel Status'!J1398="",0,'Fuel Status'!J1398)+IF('Fuel Status'!O1398="",0,'Fuel Status'!O1398)),"") -> 0 | G1396: =IF(B1396="","",IF(MONTH(A1396)<>MONTH(A1395),B1396,G1395+B1396)) | H1396: =IF(C1396="","",IF(MONTH(A1396)<>MONTH(A1395),C1396,H1395+C1396)) | I1396: =IF(D1396="","",IF(MONTH(A1396)<>MONTH(A1395),D1396,I1395+D1396)) | J1396: =IF(E1396="","",IF(MONTH(A1396)<>MONTH(A1395),E1396,J1395+E1396)) | O1396: =IF(OR(J1396="",L1396="",L1396=0),"",ROUND(J1396/L1396,4)) | P1396: =IFERROR(IF('Raw Water'!U1397="","",'Raw Water'!U1397),"") | Q1396: =IFERROR(IF(STP!U1397="","",STP!U1397),"") | R1396: =IFERROR(IF(STP!V1397="","",STP!V1397),"") | S1396: =IF(P1396="","",P1396)
A1397: 47417 | B1397: =IFERROR(IF('LT Panel Feeder Readings'!D1398="","",'LT Panel Feeder Readings'!D1398),"") | C1397: =IFERROR(IF('LT Panel Feeder Readings'!V1398="","",IF('LT Panel Feeder Readings'!V1398="",0,'LT Panel Feeder Readings'!V1398)+IF('LT Panel Feeder Readings'!Y1398="",0,'LT Panel Feeder Readings'!Y1398)),"") | D1397: =IFERROR(IF('LT Panel Feeder Readings'!AQ1398="","",IF('LT Panel Feeder Readings'!AQ1398="",0,'LT Panel Feeder Readings'!AQ1398)+IF('LT Panel Feeder Readings'!BI1398="",0,'LT Panel Feeder Readings'!BI1398)),"") | E1397: =IF(B1397="","",B1397+IF(C1397="",0,C1397)+IF(D1397="",0,D1397)) | F1397: =IFERROR(IF('Fuel Status'!E1399="","",IF('Fuel Status'!E1399="",0,'Fuel Status'!E1399)+IF('Fuel Status'!J1399="",0,'Fuel Status'!J1399)+IF('Fuel Status'!O1399="",0,'Fuel Status'!O1399)),"") -> 0 | G1397: =IF(B1397="","",IF(MONTH(A1397)<>MONTH(A1396),B1397,G1396+B1397)) | H1397: =IF(C1397="","",IF(MONTH(A1397)<>MONTH(A1396),C1397,H1396+C1397)) | I1397: =IF(D1397="","",IF(MONTH(A1397)<>MONTH(A1396),D1397,I1396+D1397)) | J1397: =IF(E1397="","",IF(MONTH(A1397)<>MONTH(A1396),E1397,J1396+E1397)) | O1397: =IF(OR(J1397="",L1397="",L1397=0),"",ROUND(J1397/L1397,4)) | P1397: =IFERROR(IF('Raw Water'!U1398="","",'Raw Water'!U1398),"") | Q1397: =IFERROR(IF(STP!U1398="","",STP!U1398),"") | R1397: =IFERROR(IF(STP!V1398="","",STP!V1398),"") | S1397: =IF(P1397="","",P1397)
A1398: 47418 | B1398: =IFERROR(IF('LT Panel Feeder Readings'!D1399="","",'LT Panel Feeder Readings'!D1399),"") | C1398: =IFERROR(IF('LT Panel Feeder Readings'!V1399="","",IF('LT Panel Feeder Readings'!V1399="",0,'LT Panel Feeder Readings'!V1399)+IF('LT Panel Feeder Readings'!Y1399="",0,'LT Panel Feeder Readings'!Y1399)),"") | D1398: =IFERROR(IF('LT Panel Feeder Readings'!AQ1399="","",IF('LT Panel Feeder Readings'!AQ1399="",0,'LT Panel Feeder Readings'!AQ1399)+IF('LT Panel Feeder Readings'!BI1399="",0,'LT Panel Feeder Readings'!BI1399)),"") | E1398: =IF(B1398="","",B1398+IF(C1398="",0,C1398)+IF(D1398="",0,D1398)) | F1398: =IFERROR(IF('Fuel Status'!E1400="","",IF('Fuel Status'!E1400="",0,'Fuel Status'!E1400)+IF('Fuel Status'!J1400="",0,'Fuel Status'!J1400)+IF('Fuel Status'!O1400="",0,'Fuel Status'!O1400)),"") -> 0 | G1398: =IF(B1398="","",IF(MONTH(A1398)<>MONTH(A1397),B1398,G1397+B1398)) | H1398: =IF(C1398="","",IF(MONTH(A1398)<>MONTH(A1397),C1398,H1397+C1398)) | I1398: =IF(D1398="","",IF(MONTH(A1398)<>MONTH(A1397),D1398,I1397+D1398)) | J1398: =IF(E1398="","",IF(MONTH(A1398)<>MONTH(A1397),E1398,J1397+E1398)) | O1398: =IF(OR(J1398="",L1398="",L1398=0),"",ROUND(J1398/L1398,4)) | P1398: =IFERROR(IF('Raw Water'!U1399="","",'Raw Water'!U1399),"") | Q1398: =IFERROR(IF(STP!U1399="","",STP!U1399),"") | R1398: =IFERROR(IF(STP!V1399="","",STP!V1399),"") | S1398: =IF(P1398="","",P1398)
A1399: 47419 | B1399: =IFERROR(IF('LT Panel Feeder Readings'!D1400="","",'LT Panel Feeder Readings'!D1400),"") | C1399: =IFERROR(IF('LT Panel Feeder Readings'!V1400="","",IF('LT Panel Feeder Readings'!V1400="",0,'LT Panel Feeder Readings'!V1400)+IF('LT Panel Feeder Readings'!Y1400="",0,'LT Panel Feeder Readings'!Y1400)),"") | D1399: =IFERROR(IF('LT Panel Feeder Readings'!AQ1400="","",IF('LT Panel Feeder Readings'!AQ1400="",0,'LT Panel Feeder Readings'!AQ1400)+IF('LT Panel Feeder Readings'!BI1400="",0,'LT Panel Feeder Readings'!BI1400)),"") | E1399: =IF(B1399="","",B1399+IF(C1399="",0,C1399)+IF(D1399="",0,D1399)) | F1399: =IFERROR(IF('Fuel Status'!E1401="","",IF('Fuel Status'!E1401="",0,'Fuel Status'!E1401)+IF('Fuel Status'!J1401="",0,'Fuel Status'!J1401)+IF('Fuel Status'!O1401="",0,'Fuel Status'!O1401)),"") -> 0 | G1399: =IF(B1399="","",IF(MONTH(A1399)<>MONTH(A1398),B1399,G1398+B1399)) | H1399: =IF(C1399="","",IF(MONTH(A1399)<>MONTH(A1398),C1399,H1398+C1399)) | I1399: =IF(D1399="","",IF(MONTH(A1399)<>MONTH(A1398),D1399,I1398+D1399)) | J1399: =IF(E1399="","",IF(MONTH(A1399)<>MONTH(A1398),E1399,J1398+E1399)) | O1399: =IF(OR(J1399="",L1399="",L1399=0),"",ROUND(J1399/L1399,4)) | P1399: =IFERROR(IF('Raw Water'!U1400="","",'Raw Water'!U1400),"") | Q1399: =IFERROR(IF(STP!U1400="","",STP!U1400),"") | R1399: =IFERROR(IF(STP!V1400="","",STP!V1400),"") | S1399: =IF(P1399="","",P1399)
A1400: 47420 | B1400: =IFERROR(IF('LT Panel Feeder Readings'!D1401="","",'LT Panel Feeder Readings'!D1401),"") | C1400: =IFERROR(IF('LT Panel Feeder Readings'!V1401="","",IF('LT Panel Feeder Readings'!V1401="",0,'LT Panel Feeder Readings'!V1401)+IF('LT Panel Feeder Readings'!Y1401="",0,'LT Panel Feeder Readings'!Y1401)),"") | D1400: =IFERROR(IF('LT Panel Feeder Readings'!AQ1401="","",IF('LT Panel Feeder Readings'!AQ1401="",0,'LT Panel Feeder Readings'!AQ1401)+IF('LT Panel Feeder Readings'!BI1401="",0,'LT Panel Feeder Readings'!BI1401)),"") | E1400: =IF(B1400="","",B1400+IF(C1400="",0,C1400)+IF(D1400="",0,D1400)) | F1400: =IFERROR(IF('Fuel Status'!E1402="","",IF('Fuel Status'!E1402="",0,'Fuel Status'!E1402)+IF('Fuel Status'!J1402="",0,'Fuel Status'!J1402)+IF('Fuel Status'!O1402="",0,'Fuel Status'!O1402)),"") -> 0 | G1400: =IF(B1400="","",IF(MONTH(A1400)<>MONTH(A1399),B1400,G1399+B1400)) | H1400: =IF(C1400="","",IF(MONTH(A1400)<>MONTH(A1399),C1400,H1399+C1400)) | I1400: =IF(D1400="","",IF(MONTH(A1400)<>MONTH(A1399),D1400,I1399+D1400)) | J1400: =IF(E1400="","",IF(MONTH(A1400)<>MONTH(A1399),E1400,J1399+E1400)) | O1400: =IF(OR(J1400="",L1400="",L1400=0),"",ROUND(J1400/L1400,4)) | P1400: =IFERROR(IF('Raw Water'!U1401="","",'Raw Water'!U1401),"") | Q1400: =IFERROR(IF(STP!U1401="","",STP!U1401),"") | R1400: =IFERROR(IF(STP!V1401="","",STP!V1401),"") | S1400: =IF(P1400="","",P1400)
A1401: 47421 | B1401: =IFERROR(IF('LT Panel Feeder Readings'!D1402="","",'LT Panel Feeder Readings'!D1402),"") | C1401: =IFERROR(IF('LT Panel Feeder Readings'!V1402="","",IF('LT Panel Feeder Readings'!V1402="",0,'LT Panel Feeder Readings'!V1402)+IF('LT Panel Feeder Readings'!Y1402="",0,'LT Panel Feeder Readings'!Y1402)),"") | D1401: =IFERROR(IF('LT Panel Feeder Readings'!AQ1402="","",IF('LT Panel Feeder Readings'!AQ1402="",0,'LT Panel Feeder Readings'!AQ1402)+IF('LT Panel Feeder Readings'!BI1402="",0,'LT Panel Feeder Readings'!BI1402)),"") | E1401: =IF(B1401="","",B1401+IF(C1401="",0,C1401)+IF(D1401="",0,D1401)) | F1401: =IFERROR(IF('Fuel Status'!E1403="","",IF('Fuel Status'!E1403="",0,'Fuel Status'!E1403)+IF('Fuel Status'!J1403="",0,'Fuel Status'!J1403)+IF('Fuel Status'!O1403="",0,'Fuel Status'!O1403)),"") -> 0 | G1401: =IF(B1401="","",IF(MONTH(A1401)<>MONTH(A1400),B1401,G1400+B1401)) | H1401: =IF(C1401="","",IF(MONTH(A1401)<>MONTH(A1400),C1401,H1400+C1401)) | I1401: =IF(D1401="","",IF(MONTH(A1401)<>MONTH(A1400),D1401,I1400+D1401)) | J1401: =IF(E1401="","",IF(MONTH(A1401)<>MONTH(A1400),E1401,J1400+E1401)) | O1401: =IF(OR(J1401="",L1401="",L1401=0),"",ROUND(J1401/L1401,4)) | P1401: =IFERROR(IF('Raw Water'!U1402="","",'Raw Water'!U1402),"") | Q1401: =IFERROR(IF(STP!U1402="","",STP!U1402),"") | R1401: =IFERROR(IF(STP!V1402="","",STP!V1402),"") | S1401: =IF(P1401="","",P1401)
A1402: 47422 | B1402: =IFERROR(IF('LT Panel Feeder Readings'!D1403="","",'LT Panel Feeder Readings'!D1403),"") | C1402: =IFERROR(IF('LT Panel Feeder Readings'!V1403="","",IF('LT Panel Feeder Readings'!V1403="",0,'LT Panel Feeder Readings'!V1403)+IF('LT Panel Feeder Readings'!Y1403="",0,'LT Panel Feeder Readings'!Y1403)),"") | D1402: =IFERROR(IF('LT Panel Feeder Readings'!AQ1403="","",IF('LT Panel Feeder Readings'!AQ1403="",0,'LT Panel Feeder Readings'!AQ1403)+IF('LT Panel Feeder Readings'!BI1403="",0,'LT Panel Feeder Readings'!BI1403)),"") | E1402: =IF(B1402="","",B1402+IF(C1402="",0,C1402)+IF(D1402="",0,D1402)) | F1402: =IFERROR(IF('Fuel Status'!E1404="","",IF('Fuel Status'!E1404="",0,'Fuel Status'!E1404)+IF('Fuel Status'!J1404="",0,'Fuel Status'!J1404)+IF('Fuel Status'!O1404="",0,'Fuel Status'!O1404)),"") -> 0 | G1402: =IF(B1402="","",IF(MONTH(A1402)<>MONTH(A1401),B1402,G1401+B1402)) | H1402: =IF(C1402="","",IF(MONTH(A1402)<>MONTH(A1401),C1402,H1401+C1402)) | I1402: =IF(D1402="","",IF(MONTH(A1402)<>MONTH(A1401),D1402,I1401+D1402)) | J1402: =IF(E1402="","",IF(MONTH(A1402)<>MONTH(A1401),E1402,J1401+E1402)) | O1402: =IF(OR(J1402="",L1402="",L1402=0),"",ROUND(J1402/L1402,4)) | P1402: =IFERROR(IF('Raw Water'!U1403="","",'Raw Water'!U1403),"") | Q1402: =IFERROR(IF(STP!U1403="","",STP!U1403),"") | R1402: =IFERROR(IF(STP!V1403="","",STP!V1403),"") | S1402: =IF(P1402="","",P1402)
... A1500: 47520 | B1500: =IFERROR(IF('LT Panel Feeder Readings'!D1501="","",'LT Panel Feeder Readings'!D1501),"") | C1500: =IFERROR(IF('LT Panel Feeder Readings'!V1501="","",IF('LT Panel Feeder Readings'!V1501="",0,'LT Panel Feeder Readings'!V1501)+IF('LT Panel Feeder Readings'!Y1501="",0,'LT Panel Feeder Readings'!Y1501)),"") | D1500: =IFERROR(IF('LT Panel Feeder Readings'!AQ1501="","",IF('LT Panel Feeder Readings'!AQ1501="",0,'LT Panel Feeder Readings'!AQ1501)+IF('LT Panel Feeder Readings'!BI1501="",0,'LT Panel Feeder Readings'!BI1501)),"") | E1500: =IF(B1500="","",B1500+IF(C1500="",0,C1500)+IF(D1500="",0,D1500)) | F1500: =IFERROR(IF('Fuel Status'!E1502="","",IF('Fuel Status'!E1502="",0,'Fuel Status'!E1502)+IF('Fuel Status'!J1502="",0,'Fuel Status'!J1502)+IF('Fuel Status'!O1502="",0,'Fuel Status'!O1502)),"") -> 0 | G1500: =IF(B1500="","",IF(MONTH(A1500)<>MONTH(A1499),B1500,G1499+B1500)) | H1500: =IF(C1500="","",IF(MONTH(A1500)<>MONTH(A1499),C1500,H1499+C1500)) | I1500: =IF(D1500="","",IF(MONTH(A1500)<>MONTH(A1499),D1500,I1499+D1500)) | J1500: =IF(E1500="","",IF(MONTH(A1500)<>MONTH(A1499),E1500,J1499+E1500)) | O1500: =IF(OR(J1500="",L1500="",L1500=0),"",ROUND(J1500/L1500,4)) | P1500: =IFERROR(IF('Raw Water'!U1501="","",'Raw Water'!U1501),"") | Q1500: =IFERROR(IF(STP!U1501="","",STP!U1501),"") | R1500: =IFERROR(IF(STP!V1501="","",STP!V1501),"") | S1500: =IF(P1500="","",P1500)
A1501: 47521 | B1501: =IFERROR(IF('LT Panel Feeder Readings'!D1502="","",'LT Panel Feeder Readings'!D1502),"") | C1501: =IFERROR(IF('LT Panel Feeder Readings'!V1502="","",IF('LT Panel Feeder Readings'!V1502="",0,'LT Panel Feeder Readings'!V1502)+IF('LT Panel Feeder Readings'!Y1502="",0,'LT Panel Feeder Readings'!Y1502)),"") | D1501: =IFERROR(IF('LT Panel Feeder Readings'!AQ1502="","",IF('LT Panel Feeder Readings'!AQ1502="",0,'LT Panel Feeder Readings'!AQ1502)+IF('LT Panel Feeder Readings'!BI1502="",0,'LT Panel Feeder Readings'!BI1502)),"") | E1501: =IF(B1501="","",B1501+IF(C1501="",0,C1501)+IF(D1501="",0,D1501)) | F1501: =IFERROR(IF('Fuel Status'!#REF!="","",IF('Fuel Status'!#REF!="",0,'Fuel Status'!#REF!)+IF('Fuel Status'!#REF!="",0,'Fuel Status'!#REF!)+IF('Fuel Status'!#REF!="",0,'Fuel Status'!#REF!)),"") | G1501: =IF(B1501="","",IF(MONTH(A1501)<>MONTH(A1500),B1501,G1500+B1501)) | H1501: =IF(C1501="","",IF(MONTH(A1501)<>MONTH(A1500),C1501,H1500+C1501)) | I1501: =IF(D1501="","",IF(MONTH(A1501)<>MONTH(A1500),D1501,I1500+D1501)) | J1501: =IF(E1501="","",IF(MONTH(A1501)<>MONTH(A1500),E1501,J1500+E1501)) | O1501: =IF(OR(J1501="",L1501="",L1501=0),"",ROUND(J1501/L1501,4)) | P1501: =IFERROR(IF('Raw Water'!U1502="","",'Raw Water'!U1502),"") | Q1501: =IFERROR(IF(STP!U1502="","",STP!U1502),"") | R1501: =IFERROR(IF(STP!V1502="","",STP!V1502),"") | S1501: =IF(P1501="","",P1501)
A1503: GREEN = Auto-fetched (DO NOT EDIT) | EB = HT Consumption from Submeter | DG = DG1+DG2 Incomer from Submeter | Solar = Solar1+Solar2 from Submeter | HSD from Fuel Status | Water from Raw Water & STP | WDR from WDR sheet | MTD resets on month change

Sheet LT Panel Feeder Readings
A1: LT PANEL FEEDER READINGS — Continuous Log | Enter FINAL READING only (00:00 hrs) | Initial=Auto | Consumption=Auto
A2: Date(DD/MM/YYYY) | B2: Month(Auto) | C2: HT Meter (kWh)[HT INCOMER] | F2: HT Meter (kVAh)[HT INCOMER] | I2: Transformer-1 Panel (kWh)[TRANSFORMERS] | L2: Transformer-1 Panel (kVAh)[TRANSFORMERS] | O2: Transformer-2 Panel (kWh)[TRANSFORMERS] | R2: Transformer-2 Panel (kVAh)[TRANSFORMERS] | U2: DG-1 Incomer Panel (kWh)[DG PANELS] | X2: DG-2 Incomer Panel (kWh)[DG PANELS] | AA2: Chiller Panel-1 (kWh)[HVAC/CHILLER] | AD2: Chiller Panel-2 (kWh)[HVAC/CHILLER] | AG2: Chiller Pump Panel (kWh)[HVAC/CHILLER] | AJ2: Main AHU Panel-2 (kWh)[HVAC/CHILLER] | AM2: UPS Input Panel Feeder (kWh)[UPS PANELS] | AP2: Conveyor Feeder-2 (kWh)[CONVEYOR] | AS2: Main Power Panel (kWh)[POWER/SERVICE] | AV2: Common Service Panel (kWh)[POWER/SERVICE] | AY2: Critical Panel Supply (kWh)[POWER/SERVICE] | BB2: Lighting Panel (kWh)[LIGHTING] | BE2: Solar System Panel-1 (kWh)[SOLAR] | BH2: Solar System Panel-2 (kWh)[SOLAR]
C3: Initial Reading (Auto-linked) DO NOT EDIT | D3: FINAL READING (Enter here) 00:00 hrs * | E3: Consumption (Auto-calculated) | F3: Initial Reading (Auto-linked) DO NOT EDIT | G3: FINAL READING (Enter here) 00:00 hrs * | H3: Consumption (Auto-calculated) | I3: Initial Reading (Auto-linked) DO NOT EDIT | J3: FINAL READING (Enter here) 00:00 hrs * | K3: Consumption (Auto-calculated) | L3: Initial Reading (Auto-linked) DO NOT EDIT | M3: FINAL READING (Enter here) 00:00 hrs * | N3: Consumption (Auto-calculated) | O3: Initial Reading (Auto-linked) DO NOT EDIT | P3: FINAL READING (Enter here) 00:00 hrs * | Q3: Consumption (Auto-calculated) | R3: Initial Reading (Auto-linked) DO NOT EDIT | S3: FINAL READING (Enter here) 00:00 hrs * | T3: Consumption (Auto-calculated) | U3: Initial Reading (Auto-linked) DO NOT EDIT | V3: FINAL READING (Enter here) 00:00 hrs * | W3: Consumption (Auto-calculated) | X3: Initial Reading (Auto-linked) DO NOT EDIT | Y3: FINAL READING (Enter here) 00:00 hrs * | Z3: Consumption (Auto-calculated) | AA3: Initial Reading (Auto-linked) DO NOT EDIT | AB3: FINAL READING (Enter here) 00:00 hrs * | AC3: Consumption (Auto-calculated) | AD3: Initial Reading (Auto-linked) DO NOT EDIT | AE3: FINAL READING (Enter here) 00:00 hrs * | AF3: Consumption (Auto-calculated) | AG3: Initial Reading (Auto-linked) DO NOT EDIT | AH3: FINAL READING (Enter here) 00:00 hrs * | AI3: Consumption (Auto-calculated) | AJ3: Initial Reading (Auto-linked) DO NOT EDIT | AK3: FINAL READING (Enter here) 00:00 hrs * | AL3: Consumption (Auto-calculated) | AM3: Initial Reading (Auto-linked) DO NOT EDIT | AN3: FINAL READING (Enter here) 00:00 hrs * | AO3: Consumption (Auto-calculated) | AP3: Initial Reading (Auto-linked) DO NOT EDIT | AQ3: FINAL READING (Enter here) 00:00 hrs * | AR3: Consumption (Auto-calculated) | AS3: Initial Reading (Auto-linked) DO NOT EDIT | AT3: FINAL READING (Enter here) 00:00 hrs * | AU3: Consumption (Auto-calculated) | AV3: Initial Reading (Auto-linked) DO NOT EDIT | AW3: FINAL READING (Enter here) 00:00 hrs * | AX3: Consumption (Auto-calculated) | AY3: Initial Reading (Auto-linked) DO NOT EDIT | AZ3: FINAL READING (Enter here) 00:00 hrs * | BA3: Consumption (Auto-calculated) | BB3: Initial Reading (Auto-linked) DO NOT EDIT | BC3: FINAL READING (Enter here) 00:00 hrs * | BD3: Consumption (Auto-calculated) | BE3: Initial Reading (Auto-linked) DO NOT EDIT | BF3: FINAL READING (Enter here) 00:00 hrs * | BG3: Consumption (Auto-calculated) | BH3: Initial Reading (Auto-linked) DO NOT EDIT | BI3: FINAL READING (Enter here) 00:00 hrs * | BJ3: Consumption (Auto-calculated)
A4: ='Energy - Master'!A3 -> 46023 | B4: =IF(A4="","",TEXT(A4,"MMM-YYYY")) -> Jan-2026 | C4: 13547441 | D4: 13554578 | E4: =IF(OR(C4="",D4=""),"",D4-C4) -> 7137 | F4: 14042018 | G4: 14049620 | H4: =IF(OR(F4="",G4=""),"",G4-F4) -> 7602 | I4: 10638623 | J4: 10642015 | K4: =IF(OR(I4="",J4=""),"",J4-I4) -> 3392 | L4: 11194436 | M4: 11198166 | N4: =IF(OR(L4="",M4=""),"",M4-L4) -> 3730 | O4: 17640045 | P4: 17644726 | Q4: =IF(OR(O4="",P4=""),"",P4-O4) -> 4681 | R4: 11194436 | S4: 11198166 | T4: =IF(OR(R4="",S4=""),"",S4-R4) -> 3730 | U4: 429742 | V4: 429742 | W4: =IF(OR(U4="",V4=""),"",V4-U4) -> 0 | X4: 712031 | Y4: 712031 | Z4: =IF(OR(X4="",Y4=""),"",Y4-X4) -> 0 | AA4: 59720 | AB4: 59720 | AC4: =IF(OR(AA4="",AB4=""),"",AB4-AA4) -> 0 | AD4: 128184 | AE4: 128184 | AF4: =IF(OR(AD4="",AE4=""),"",AE4-AD4) -> 0 | AG4: 263988 | AH4: 263988 | AI4: =IF(OR(AG4="",AH4=""),"",AH4-AG4) -> 0 | AJ4: 7974111 | AK4: 7974264 | AL4: =IF(OR(AJ4="",AK4=""),"",AK4-AJ4) -> 153 | AM4: 608055 | AN4: 609249 | AO4: =IF(OR(AM4="",AN4=""),"",AN4-AM4) -> 1194 | AP4: 442450 | AQ4: 442450 | AR4: =IF(OR(AP4="",AQ4=""),"",AQ4-AP4) -> 0 | AS4: 1493852 | AT4: 1496456 | AU4: =IF(OR(AS4="",AT4=""),"",AT4-AS4) -> 2604 | AW4: 139718 | AX4: =IF(OR(AV4="",AW4=""),"",AW4-AV4) | AY4: 523342 | AZ4: 525377 | BA4: =IF(OR(AY4="",AZ4=""),"",AZ4-AY4) -> 2035 | BB4: 6135884 | BC4: 6139222 | BD4: =IF(OR(BB4="",BC4=""),"",BC4-BB4) -> 3338 | BE4: 3612124 | BF4: 3614187 | BG4: =IF(OR(BE4="",BF4=""),"",BF4-BE4) -> 2063 | BJ4: =IF(OR(BH4="",BI4=""),"",BI4-BH4)
A5: ='Energy - Master'!A4 -> 46024 | B5: =IF(A5="","",TEXT(A5,"MMM-YYYY")) -> Jan-2026 | C5: =IF(D4="","",D4) -> 13554578 | D5: 13563833 | E5: =IF(OR(C5="",D5=""),"",D5-C5) -> 9255 | F5: =IF(G4="","",G4) -> 14049620 | G5: 14059016 | H5: =IF(OR(F5="",G5=""),"",G5-F5) -> 9396 | I5: =IF(J4="","",J4) -> 10642015 | J5: 10645707 | K5: =IF(OR(I5="",J5=""),"",J5-I5) -> 3692 | L5: =IF(M4="","",M4) -> 11198166 | M5: 11202123 | N5: =IF(OR(L5="",M5=""),"",M5-L5) -> 3957 | O5: =IF(P4="","",P4) -> 17644726 | P5: 17650189 | Q5: =IF(OR(O5="",P5=""),"",P5-O5) -> 5463 | R5: =IF(S4="","",S4) -> 11198166 | S5: 11202123 | T5: =IF(OR(R5="",S5=""),"",S5-R5) -> 3957 | U5: =IF(V4="","",V4) -> 429742 | V5: 429781 | W5: =IF(OR(U5="",V5=""),"",V5-U5) -> 39 | X5: =IF(Y4="","",Y4) -> 712031 | Y5: 712083 | Z5: =IF(OR(X5="",Y5=""),"",Y5-X5) -> 52 | AA5: =IF(AB4="","",AB4) -> 59720 | AB5: 59720 | AC5: =IF(OR(AA5="",AB5=""),"",AB5-AA5) -> 0 | AD5: =IF(AE4="","",AE4) -> 128184 | AE5: 128184 | AF5: =IF(OR(AD5="",AE5=""),"",AE5-AD5) -> 0 | AG5: =IF(AH4="","",AH4) -> 263988 | AH5: 263988 | AI5: =IF(OR(AG5="",AH5=""),"",AH5-AG5) -> 0 | AJ5: =IF(AK4="","",AK4) -> 7974264 | AK5: 7974417 | AL5: =IF(OR(AJ5="",AK5=""),"",AK5-AJ5) -> 153 | AM5: =IF(AN4="","",AN4) -> 609249 | AN5: 610453 | AO5: =IF(OR(AM5="",AN5=""),"",AN5-AM5) -> 1204 | AP5: =IF(AQ4="","",AQ4) -> 442450 | AQ5: 442450 | AR5: =IF(OR(AP5="",AQ5=""),"",AQ5-AP5) -> 0 | AS5: =IF(AT4="","",AT4) -> 1496456 | AT5: 1499109 | AU5: =IF(OR(AS5="",AT5=""),"",AT5-AS5) -> 2653 | AV5: =IF(AW4="","",AW4) -> 139718 | AW5: 140038 | AX5: =IF(OR(AV5="",AW5=""),"",AW5-AV5) -> 320 | AY5: =AZ4 -> 525377 | AZ5: 527429 | BA5: =IF(OR(AY5="",AZ5=""),"",AZ5-AY5) -> 2052 | BB5: =BC4 -> 6139222 | BC5: 6142730 | BD5: =IF(OR(BB5="",BC5=""),"",BC5-BB5) -> 3508 | BE5: =BF4 -> 3614187 | BF5: 3614832 | BG5: =IF(OR(BE5="",BF5=""),"",BF5-BE5) -> 645 | BH5: =IF(BI4="","",BI4) | BJ5: =IF(OR(BH5="",BI5=""),"",BI5-BH5)
A6: ='Energy - Master'!A5 -> 46025 | B6: =IF(A6="","",TEXT(A6,"MMM-YYYY")) -> Jan-2026 | C6: =IF(D5="","",D5) -> 13563833 | D6: 13572757 | E6: =IF(OR(C6="",D6=""),"",D6-C6) -> 8924 | F6: =IF(G5="","",G5) -> 14059016 | G6: 14068121 | H6: =IF(OR(F6="",G6=""),"",G6-F6) -> 9105 | I6: =IF(J5="","",J5) -> 10645707 | J6: 10649180 | K6: =IF(OR(I6="",J6=""),"",J6-I6) -> 3473 | L6: =IF(M5="","",M5) -> 11202123 | M6: 11205945 | N6: =IF(OR(L6="",M6=""),"",M6-L6) -> 3822 | O6: =IF(P5="","",P5) -> 17650189 | P6: 17655597 | Q6: =IF(OR(O6="",P6=""),"",P6-O6) -> 5408 | R6: =IF(S5="","",S5) -> 11202123 | S6: 11205945 | T6: =IF(OR(R6="",S6=""),"",S6-R6) -> 3822 | U6: =IF(V5="","",V5) -> 429781 | V6: 429781 | W6: =IF(OR(U6="",V6=""),"",V6-U6) -> 0 | X6: =IF(Y5="","",Y5) -> 712083 | Y6: 712083 | Z6: =IF(OR(X6="",Y6=""),"",Y6-X6) -> 0 | AA6: =IF(AB5="","",AB5) -> 59720 | AB6: 59720 | AC6: =IF(OR(AA6="",AB6=""),"",AB6-AA6) -> 0 | AD6: =IF(AE5="","",AE5) -> 128184 | AE6: 128184 | AF6: =IF(OR(AD6="",AE6=""),"",AE6-AD6) -> 0 | AG6: =IF(AH5="","",AH5) -> 263988 | AH6: 263988 | AI6: =IF(OR(AG6="",AH6=""),"",AH6-AG6) -> 0 | AJ6: =IF(AK5="","",AK5) -> 7974417 | AK6: 7974594 | AL6: =IF(OR(AJ6="",AK6=""),"",AK6-AJ6) -> 177 | AM6: =IF(AN5="","",AN5) -> 610453 | AN6: 611669 | AO6: =IF(OR(AM6="",AN6=""),"",AN6-AM6) -> 1216 | AP6: =IF(AQ5="","",AQ5) -> 442450 | AQ6: 442450 | AR6: =IF(OR(AP6="",AQ6=""),"",AQ6-AP6) -> 0 | AS6: =IF(AT5="","",AT5) -> 1499109 | AT6: 1501748 | AU6: =IF(OR(AS6="",AT6=""),"",AT6-AS6) -> 2639 | AV6: =IF(AW5="","",AW5) -> 140038 | AW6: 140351 | AX6: =IF(OR(AV6="",AW6=""),"",AW6-AV6) -> 313 | AY6: =AZ5 -> 527429 | AZ6: 529484 | BA6: =IF(OR(AY6="",AZ6=""),"",AZ6-AY6) -> 2055 | BB6: =BC5 -> 6142730 | BC6: 6146226 | BD6: =IF(OR(BB6="",BC6=""),"",BC6-BB6) -> 3496 | BE6: =BF5 -> 3614832 | BF6: 3615824 | BG6: =IF(OR(BE6="",BF6=""),"",BF6-BE6) -> 992 | BH6: =IF(BI5="","",BI5) | BJ6: =IF(OR(BH6="",BI6=""),"",BI6-BH6)
A7: ='Energy - Master'!A6 -> 46026 | B7: =IF(A7="","",TEXT(A7,"MMM-YYYY")) -> Jan-2026 | C7: =IF(D6="","",D6) -> 13572757 | D7: 13580428 | E7: =IF(OR(C7="",D7=""),"",D7-C7) -> 7671 | F7: =IF(G6="","",G6) -> 14068121 | G7: 14076148 | H7: =IF(OR(F7="",G7=""),"",G7-F7) -> 8027 | I7: =IF(J6="","",J6) -> 10649180 | J7: 10652499 | K7: =IF(OR(I7="",J7=""),"",J7-I7) -> 3319 | L7: =IF(M6="","",M6) -> 11205945 | M7: 11209660 | N7: =IF(OR(L7="",M7=""),"",M7-L7) -> 3715 | O7: =IF(P6="","",P6) -> 17655597 | P7: 17660595 | Q7: =IF(OR(O7="",P7=""),"",P7-O7) -> 4998 | R7: =IF(S6="","",S6) -> 11205945 | S7: 11209660 | T7: =IF(OR(R7="",S7=""),"",S7-R7) -> 3715 | U7: =IF(V6="","",V6) -> 429781 | V7: 429781 | W7: =IF(OR(U7="",V7=""),"",V7-U7) -> 0 | X7: =IF(Y6="","",Y6) -> 712083 | Y7: 712083 | Z7: =IF(OR(X7="",Y7=""),"",Y7-X7) -> 0 | AA7: =IF(AB6="","",AB6) -> 59720 | AB7: 59720 | AC7: =IF(OR(AA7="",AB7=""),"",AB7-AA7) -> 0 | AD7: =IF(AE6="","",AE6) -> 128184 | AE7: 128184 | AF7: =IF(OR(AD7="",AE7=""),"",AE7-AD7) -> 0 | AG7: =IF(AH6="","",AH6) -> 263988 | AH7: 263988 | AI7: =IF(OR(AG7="",AH7=""),"",AH7-AG7) -> 0 | AJ7: =IF(AK6="","",AK6) -> 7974594 | AK7: 7974743 | AL7: =IF(OR(AJ7="",AK7=""),"",AK7-AJ7) -> 149 | AM7: =IF(AN6="","",AN6) -> 611669 | AN7: 612895 | AO7: =IF(OR(AM7="",AN7=""),"",AN7-AM7) -> 1226 | AP7: =IF(AQ6="","",AQ6) -> 442450 | AQ7: 442450 | AR7: =IF(OR(AP7="",AQ7=""),"",AQ7-AP7) -> 0 | AS7: =IF(AT6="","",AT6) -> 1501748 | AT7: 1504405 | AU7: =IF(OR(AS7="",AT7=""),"",AT7-AS7) -> 2657 | AV7: =IF(AW6="","",AW6) -> 140351 | AW7: 140689 | AX7: =IF(OR(AV7="",AW7=""),"",AW7-AV7) -> 338 | AY7: =AZ6 -> 529484 | AZ7: 531560 | BA7: =IF(OR(AY7="",AZ7=""),"",AZ7-AY7) -> 2076 | BB7: =BC6 -> 6146226 | BC7: 6149797 | BD7: =IF(OR(BB7="",BC7=""),"",BC7-BB7) -> 3571 | BE7: =BF6 -> 3615824 | BF7: 3617678 | BG7: =IF(OR(BE7="",BF7=""),"",BF7-BE7) -> 1854 | BH7: =IF(BI6="","",BI6) | BJ7: =IF(OR(BH7="",BI7=""),"",BI7-BH7)
A8: ='Energy - Master'!A7 -> 46027 | B8: =IF(A8="","",TEXT(A8,"MMM-YYYY")) -> Jan-2026 | C8: =IF(D7="","",D7) -> 13580428 | D8: 13587517 | E8: =IF(OR(C8="",D8=""),"",D8-C8) -> 7089 | F8: =IF(G7="","",G7) -> 14076148 | G8: 14083667 | H8: =IF(OR(F8="",G8=""),"",G8-F8) -> 7519 | I8: =IF(J7="","",J7) -> 10652499 | J8: 10655897 | K8: =IF(OR(I8="",J8=""),"",J8-I8) -> 3398 | L8: =IF(M7="","",M7) -> 11209660 | M8: 11213377 | N8: =IF(OR(L8="",M8=""),"",M8-L8) -> 3717 | O8: =IF(P7="","",P7) -> 17660595 | P8: 17665390 | Q8: =IF(OR(O8="",P8=""),"",P8-O8) -> 4795 | R8: =IF(S7="","",S7) -> 11209660 | S8: 11213377 | T8: =IF(OR(R8="",S8=""),"",S8-R8) -> 3717 | U8: =IF(V7="","",V7) -> 429781 | V8: 429979 | W8: =IF(OR(U8="",V8=""),"",V8-U8) -> 198 | X8: =IF(Y7="","",Y7) -> 712083 | Y8: 712335 | Z8: =IF(OR(X8="",Y8=""),"",Y8-X8) -> 252 | AA8: =IF(AB7="","",AB7) -> 59720 | AB8: 59720 | AC8: =IF(OR(AA8="",AB8=""),"",AB8-AA8) -> 0 | AD8: =IF(AE7="","",AE7) -> 128184 | AE8: 128184 | AF8: =IF(OR(AD8="",AE8=""),"",AE8-AD8) -> 0 | AG8: =IF(AH7="","",AH7) -> 263988 | AH8: 263988 | AI8: =IF(OR(AG8="",AH8=""),"",AH8-AG8) -> 0 | AJ8: =IF(AK7="","",AK7) -> 7974743 | AK8: 7974916 | AL8: =IF(OR(AJ8="",AK8=""),"",AK8-AJ8) -> 173 | AM8: =IF(AN7="","",AN7) -> 612895 | AN8: 614094 | AO8: =IF(OR(AM8="",AN8=""),"",AN8-AM8) -> 1199 | AP8: =IF(AQ7="","",AQ7) -> 442450 | AQ8: 442450 | AR8: =IF(OR(AP8="",AQ8=""),"",AQ8-AP8) -> 0 | AS8: =IF(AT7="","",AT7) -> 1504405 | AT8: 1506980 | AU8: =IF(OR(AS8="",AT8=""),"",AT8-AS8) -> 2575 | AV8: =IF(AW7="","",AW7) -> 140689 | AW8: 140999 | AX8: =IF(OR(AV8="",AW8=""),"",AW8-AV8) -> 310 | AY8: =AZ7 -> 531560 | AZ8: 533589 | BA8: =IF(OR(AY8="",AZ8=""),"",AZ8-AY8) -> 2029 | BB8: =BC7 -> 6149797 | BC8: 6153371 | BD8: =IF(OR(BB8="",BC8=""),"",BC8-BB8) -> 3574 | BE8: =BF7 -> 3617678 | BF8: 3619784 | BG8: =IF(OR(BE8="",BF8=""),"",BF8-BE8) -> 2106 | BH8: =IF(BI7="","",BI7) | BJ8: =IF(OR(BH8="",BI8=""),"",BI8-BH8)
A9: ='Energy - Master'!A8 -> 46028 | B9: =IF(A9="","",TEXT(A9,"MMM-YYYY")) -> Jan-2026 | C9: =IF(D8="","",D8) -> 13587517 | D9: 13595514 | E9: =IF(OR(C9="",D9=""),"",D9-C9) -> 7997 | F9: =IF(G8="","",G8) -> 14083667 | G9: 14091857 | H9: =IF(OR(F9="",G9=""),"",G9-F9) -> 8190 | I9: =IF(J8="","",J8) -> 10655897 | J9: 10658911 | K9: =IF(OR(I9="",J9=""),"",J9-I9) -> 3014 | L9: =IF(M8="","",M8) -> 11213377 | M9: 11216739 | N9: =IF(OR(L9="",M9=""),"",M9-L9) -> 3362 | O9: =IF(P8="","",P8) -> 17665390 | P9: 17670278 | Q9: =IF(OR(O9="",P9=""),"",P9-O9) -> 4888 | R9: =IF(S8="","",S8) -> 11213377 | S9: 11216739 | T9: =IF(OR(R9="",S9=""),"",S9-R9) -> 3362 | U9: =IF(V8="","",V8) -> 429979 | V9: 430068 | W9: =IF(OR(U9="",V9=""),"",V9-U9) -> 89 | X9: =IF(Y8="","",Y8) -> 712335 | Y9: 712437 | Z9: =IF(OR(X9="",Y9=""),"",Y9-X9) -> 102 | AA9: =IF(AB8="","",AB8) -> 59720 | AB9: 59736 | AC9: =IF(OR(AA9="",AB9=""),"",AB9-AA9) -> 16 | AD9: =IF(AE8="","",AE8) -> 128184 | AE9: 128184 | AF9: =IF(OR(AD9="",AE9=""),"",AE9-AD9) -> 0 | AG9: =IF(AH8="","",AH8) -> 263988 | AH9: 264012 | AI9: =IF(OR(AG9="",AH9=""),"",AH9-AG9) -> 24 | AJ9: =IF(AK8="","",AK8) -> 7974916 | AK9: 7975075 | AL9: =IF(OR(AJ9="",AK9=""),"",AK9-AJ9) -> 159 | AM9: =IF(AN8="","",AN8) -> 614094 | AN9: 615250 | AO9: =IF(OR(AM9="",AN9=""),"",AN9-AM9) -> 1156 | AP9: =IF(AQ8="","",AQ8) -> 442450 | AQ9: 442450 | AR9: =IF(OR(AP9="",AQ9=""),"",AQ9-AP9) -> 0 | AS9: =IF(AT8="","",AT8) -> 1506980 | AT9: 1509490 | AU9: =IF(OR(AS9="",AT9=""),"",AT9-AS9) -> 2510 | AV9: =IF(AW8="","",AW8) -> 140999 | AW9: 141305 | AX9: =IF(OR(AV9="",AW9=""),"",AW9-AV9) -> 306 | AY9: =AZ8 -> 533589 | AZ9: 535526 | BA9: =IF(OR(AY9="",AZ9=""),"",AZ9-AY9) -> 1937 | BB9: =BC8 -> 6153371 | BC9: 6156802 | BD9: =IF(OR(BB9="",BC9=""),"",BC9-BB9) -> 3431 | BE9: =BF8 -> 3619784 | BF9: 3621156 | BG9: =IF(OR(BE9="",BF9=""),"",BF9-BE9) -> 1372 | BH9: =IF(BI8="","",BI8) | BJ9: =IF(OR(BH9="",BI9=""),"",BI9-BH9)
A10: ='Energy - Master'!A9 -> 46029 | B10: =IF(A10="","",TEXT(A10,"MMM-YYYY")) -> Jan-2026 | C10: =IF(D9="","",D9) -> 13595514 | D10: 13603726 | E10: =IF(OR(C10="",D10=""),"",D10-C10) -> 8212 | F10: =IF(G9="","",G9) -> 14091857 | G10: 14100371 | H10: =IF(OR(F10="",G10=""),"",G10-F10) -> 8514 | I10: =IF(J9="","",J9) -> 10658911 | J10: 10662420 | K10: =IF(OR(I10="",J10=""),"",J10-I10) -> 3509 | L10: =IF(M9="","",M9) -> 11216739 | M10: 11220563 | N10: =IF(OR(L10="",M10=""),"",M10-L10) -> 3824 | O10: =IF(P9="","",P9) -> 17670278 | P10: 17675588 | Q10: =IF(OR(O10="",P10=""),"",P10-O10) -> 5310 | R10: =IF(S9="","",S9) -> 11216739 | S10: 11220563 | T10: =IF(OR(R10="",S10=""),"",S10-R10) -> 3824 | U10: =IF(V9="","",V9) -> 430068 | V10: 430068 | W10: =IF(OR(U10="",V10=""),"",V10-U10) -> 0 | X10: =IF(Y9="","",Y9) -> 712437 | Y10: 712437 | Z10: =IF(OR(X10="",Y10=""),"",Y10-X10) -> 0 | AA10: =IF(AB9="","",AB9) -> 59736 | AB10: 59736 | AC10: =IF(OR(AA10="",AB10=""),"",AB10-AA10) -> 0 | AD10: =IF(AE9="","",AE9) -> 128184 | AE10: 128184 | AF10: =IF(OR(AD10="",AE10=""),"",AE10-AD10) -> 0 | AG10: =IF(AH9="","",AH9) -> 264012 | AH10: 264012 | AI10: =IF(OR(AG10="",AH10=""),"",AH10-AG10) -> 0 | AJ10: =IF(AK9="","",AK9) -> 7975075 | AK10: 7975268 | AL10: =IF(OR(AJ10="",AK10=""),"",AK10-AJ10) -> 193 | AM10: =IF(AN9="","",AN9) -> 615250 | AN10: 616519 | AO10: =IF(OR(AM10="",AN10=""),"",AN10-AM10) -> 1269 | AP10: =IF(AQ9="","",AQ9) -> 442450 | AQ10: 442450 | AR10: =IF(OR(AP10="",AQ10=""),"",AQ10-AP10) -> 0 | AS10: =IF(AT9="","",AT9) -> 1509490 | AT10: 1512169 | AU10: =IF(OR(AS10="",AT10=""),"",AT10-AS10) -> 2679 | AV10: =IF(AW9="","",AW9) -> 141305 | AW10: 141634 | AX10: =IF(OR(AV10="",AW10=""),"",AW10-AV10) -> 329 | AY10: =AZ9 -> 535526 | AZ10: 537657 | BA10: =IF(OR(AY10="",AZ10=""),"",AZ10-AY10) -> 2131 | BB10: =BC9 -> 6156802 | BC10: 6160440 | BD10: =IF(OR(BB10="",BC10=""),"",BC10-BB10) -> 3638 | BE10: =BF9 -> 3621156 | BF10: 3622696 | BG10: =IF(OR(BE10="",BF10=""),"",BF10-BE10) -> 1540 | BH10: =IF(BI9="","",BI9) | BJ10: =IF(OR(BH10="",BI10=""),"",BI10-BH10)
A11: ='Energy - Master'!A10 -> 46030 | B11: =IF(A11="","",TEXT(A11,"MMM-YYYY")) -> Jan-2026 | C11: =IF(D10="","",D10) -> 13603726 | D11: 13611350 | E11: =IF(OR(C11="",D11=""),"",D11-C11) -> 7624 | F11: =IF(G10="","",G10) -> 14100371 | G11: 14108347 | H11: =IF(OR(F11="",G11=""),"",G11-F11) -> 7976 | I11: =IF(J10="","",J10) -> 10662420 | J11: 10665604 | K11: =IF(OR(I11="",J11=""),"",J11-I11) -> 3184 | L11: =IF(M10="","",M10) -> 11220563 | M11: 11224043 | N11: =IF(OR(L11="",M11=""),"",M11-L11) -> 3480 | O11: =IF(P10="","",P10) -> 17675588 | P11: 17680331 | Q11: =IF(OR(O11="",P11=""),"",P11-O11) -> 4743 | R11: =IF(S10="","",S10) -> 11220563 | S11: 11224043 | T11: =IF(OR(R11="",S11=""),"",S11-R11) -> 3480 | U11: =IF(V10="","",V10) -> 430068 | V11: 430172 | W11: =IF(OR(U11="",V11=""),"",V11-U11) -> 104 | X11: =IF(Y10="","",Y10) -> 712437 | Y11: 712561 | Z11: =IF(OR(X11="",Y11=""),"",Y11-X11) -> 124 | AA11: =IF(AB10="","",AB10) -> 59736 | AB11: 59736 | AC11: =IF(OR(AA11="",AB11=""),"",AB11-AA11) -> 0 | AD11: =IF(AE10="","",AE10) -> 128184 | AE11: 128184 | AF11: =IF(OR(AD11="",AE11=""),"",AE11-AD11) -> 0 | AG11: =IF(AH10="","",AH10) -> 264012 | AH11: 264012 | AI11: =IF(OR(AG11="",AH11=""),"",AH11-AG11) -> 0 | AJ11: =IF(AK10="","",AK10) -> 7975268 | AK11: 7975438 | AL11: =IF(OR(AJ11="",AK11=""),"",AK11-AJ11) -> 170 | AM11: =IF(AN10="","",AN10) -> 616519 | AN11: 617685 | AO11: =IF(OR(AM11="",AN11=""),"",AN11-AM11) -> 1166 | AP11: =IF(AQ10="","",AQ10) -> 442450 | AQ11: 442450 | AR11: =IF(OR(AP11="",AQ11=""),"",AQ11-AP11) -> 0 | AS11: =IF(AT10="","",AT10) -> 1512169 | AT11: 1514558 | AU11: =IF(OR(AS11="",AT11=""),"",AT11-AS11) -> 2389 | AV11: =IF(AW10="","",AW10) -> 141634 | AW11: 141931 | AX11: =IF(OR(AV11="",AW11=""),"",AW11-AV11) -> 297 | AY11: =AZ10 -> 537657 | AZ11: 539590 | BA11: =IF(OR(AY11="",AZ11=""),"",AZ11-AY11) -> 1933 | BB11: =BC10 -> 6160440 | BC11: 6163852 | BD11: =IF(OR(BB11="",BC11=""),"",BC11-BB11) -> 3412 | BE11: =BF10 -> 3622696 | BF11: 3624408 | BG11: =IF(OR(BE11="",BF11=""),"",BF11-BE11) -> 1712 | BH11: =IF(BI10="","",BI10) | BJ11: =IF(OR(BH11="",BI11=""),"",BI11-BH11)
A12: ='Energy - Master'!A11 -> 46031 | B12: =IF(A12="","",TEXT(A12,"MMM-YYYY")) -> Jan-2026 | C12: =IF(D11="","",D11) -> 13611350 | D12: 13618846 | E12: =IF(OR(C12="",D12=""),"",D12-C12) -> 7496 | F12: =IF(G11="","",G11) -> 14108347 | G12: 14116198 | H12: =IF(OR(F12="",G12=""),"",G12-F12) -> 7851 | I12: =IF(J11="","",J11) -> 10665604 | J12: 10669258 | K12: =IF(OR(I12="",J12=""),"",J12-I12) -> 3654 | L12: =IF(M11="","",M11) -> 11224043 | M12: 11227989 | N12: =IF(OR(L12="",M12=""),"",M12-L12) -> 3946 | O12: =IF(P11="","",P11) -> 17680331 | P12: 17685584 | Q12: =IF(OR(O12="",P12=""),"",P12-O12) -> 5253 | R12: =IF(S11="","",S11) -> 11224043 | S12: 11227989 | T12: =IF(OR(R12="",S12=""),"",S12-R12) -> 3946 | U12: =IF(V11="","",V11) -> 430172 | V12: 430236 | W12: =IF(OR(U12="",V12=""),"",V12-U12) -> 64 | X12: =IF(Y11="","",Y11) -> 712561 | Y12: 712648 | Z12: =IF(OR(X12="",Y12=""),"",Y12-X12) -> 87 | AA12: =IF(AB11="","",AB11) -> 59736 | AB12: 59736 | AC12: =IF(OR(AA12="",AB12=""),"",AB12-AA12) -> 0 | AD12: =IF(AE11="","",AE11) -> 128184 | AE12: 128184 | AF12: =IF(OR(AD12="",AE12=""),"",AE12-AD12) -> 0 | AG12: =IF(AH11="","",AH11) -> 264012 | AH12: 264012 | AI12: =IF(OR(AG12="",AH12=""),"",AH12-AG12) -> 0 | AJ12: =IF(AK11="","",AK11) -> 7975438 | AK12: 7975617 | AL12: =IF(OR(AJ12="",AK12=""),"",AK12-AJ12) -> 179 | AM12: =IF(AN11="","",AN11) -> 617685 | AN12: 618957 | AO12: =IF(OR(AM12="",AN12=""),"",AN12-AM12) -> 1272 | AP12: =IF(AQ11="","",AQ11) -> 442450 | AQ12: 442450 | AR12: =IF(OR(AP12="",AQ12=""),"",AQ12-AP12) -> 0 | AS12: =IF(AT11="","",AT11) -> 1514558 | AT12: 1517206 | AU12: =IF(OR(AS12="",AT12=""),"",AT12-AS12) -> 2648 | AV12: =IF(AW11="","",AW11) -> 141931 | AW12: 142267 | AX12: =IF(OR(AV12="",AW12=""),"",AW12-AV12) -> 336 | AY12: =AZ11 -> 539590 | AZ12: 541744 | BA12: =IF(OR(AY12="",AZ12=""),"",AZ12-AY12) -> 2154 | BB12: =BC11 -> 6163852 | BC12: 6167642 | BD12: =IF(OR(BB12="",BC12=""),"",BC12-BB12) -> 3790 | BE12: =BF11 -> 3624408 | BF12: 3626243 | BG12: =IF(OR(BE12="",BF12=""),"",BF12-BE12) -> 1835 | BH12: =IF(BI11="","",BI11) | BJ12: =IF(OR(BH12="",BI12=""),"",BI12-BH12)
A13: ='Energy - Master'!A12 -> 46032 | B13: =IF(A13="","",TEXT(A13,"MMM-YYYY")) -> Jan-2026 | C13: =IF(D12="","",D12) -> 13618846 | D13: 13625859 | E13: =IF(OR(C13="",D13=""),"",D13-C13) -> 7013 | F13: =IF(G12="","",G12) -> 14116198 | G13: 14123683 | H13: =IF(OR(F13="",G13=""),"",G13-F13) -> 7485 | I13: =IF(J12="","",J12) -> 10669258 | J13: 10672733 | K13: =IF(OR(I13="",J13=""),"",J13-I13) -> 3475 | L13: =IF(M12="","",M12) -> 11227989 | M13: 11231782 | N13: =IF(OR(L13="",M13=""),"",M13-L13) -> 3793 | O13: =IF(P12="","",P12) -> 17685584 | P13: 17690469 | Q13: =IF(OR(O13="",P13=""),"",P13-O13) -> 4885 | R13: =IF(S12="","",S12) -> 11227989 | S13: 11231782 | T13: =IF(OR(R13="",S13=""),"",S13-R13) -> 3793 | U13: =IF(V12="","",V12) -> 430236 | V13: 430236 | W13: =IF(OR(U13="",V13=""),"",V13-U13) -> 0 | X13: =IF(Y12="","",Y12) -> 712648 | Y13: 712648 | Z13: =IF(OR(X13="",Y13=""),"",Y13-X13) -> 0 | AA13: =IF(AB12="","",AB12) -> 59736 | AB13: 59736 | AC13: =IF(OR(AA13="",AB13=""),"",AB13-AA13) -> 0 | AD13: =IF(AE12="","",AE12) -> 128184 | AE13: 128184 | AF13: =IF(OR(AD13="",AE13=""),"",AE13-AD13) -> 0 | AG13: =IF(AH12="","",AH12) -> 264012 | AH13: 264012 | AI13: =IF(OR(AG13="",AH13=""),"",AH13-AG13) -> 0 | AJ13: =IF(AK12="","",AK12) -> 7975617 | AK13: 7975801 | AL13: =IF(OR(AJ13="",AK13=""),"",AK13-AJ13) -> 184 | AM13: =IF(AN12="","",AN12) -> 618957 | AN13: 620199 | AO13: =IF(OR(AM13="",AN13=""),"",AN13-AM13) -> 1242 | AP13: =IF(AQ12="","",AQ12) -> 442450 | AQ13: 442450 | AR13: =IF(OR(AP13="",AQ13=""),"",AQ13-AP13) -> 0 | AS13: =IF(AT12="","",AT12) -> 1517206 | AT13: 1519786 | AU13: =IF(OR(AS13="",AT13=""),"",AT13-AS13) -> 2580 | AV13: =IF(AW12="","",AW12) -> 142267 | AW13: 142575 | AX13: =IF(OR(AV13="",AW13=""),"",AW13-AV13) -> 308 | AY13: =AZ12 -> 541744 | AZ13: 543815 | BA13: =IF(OR(AY13="",AZ13=""),"",AZ13-AY13) -> 2071 | BB13: =BC12 -> 6167642 | BC13: 6171250 | BD13: =IF(OR(BB13="",BC13=""),"",BC13-BB13) -> 3608 | BE13: =BF12 -> 3626243 | BF13: 3628543 | BG13: =IF(OR(BE13="",BF13=""),"",BF13-BE13) -> 2300 | BH13: =IF(BI12="","",BI12) | BJ13: =IF(OR(BH13="",BI13=""),"",BI13-BH13)
A14: ='Energy - Master'!A13 -> 46033 | B14: =IF(A14="","",TEXT(A14,"MMM-YYYY")) -> Jan-2026 | C14: =IF(D13="","",D13) -> 13625859 | D14: 13632708 | E14: =IF(OR(C14="",D14=""),"",D14-C14) -> 6849 | F14: =IF(G13="","",G13) -> 14123683 | G14: 14131051 | H14: =IF(OR(F14="",G14=""),"",G14-F14) -> 7368 | I14: =IF(J13="","",J13) -> 10672733 | J14: 10676163 | K14: =IF(OR(I14="",J14=""),"",J14-I14) -> 3430 | L14: =IF(M13="","",M13) -> 11231782 | M14: 11235535 | N14: =IF(OR(L14="",M14=""),"",M14-L14) -> 3753 | O14: =IF(P13="","",P13) -> 17690469 | P14: 17695287 | Q14: =IF(OR(O14="",P14=""),"",P14-O14) -> 4818 | R14: =IF(S13="","",S13) -> 11231782 | S14: 11235535 | T14: =IF(OR(R14="",S14=""),"",S14-R14) -> 3753 | U14: =IF(V13="","",V13) -> 430236 | V14: 430236 | W14: =IF(OR(U14="",V14=""),"",V14-U14) -> 0 | X14: =IF(Y13="","",Y13) -> 712648 | Y14: 712648 | Z14: =IF(OR(X14="",Y14=""),"",Y14-X14) -> 0 | AA14: =IF(AB13="","",AB13) -> 59736 | AB14: 59736 | AC14: =IF(OR(AA14="",AB14=""),"",AB14-AA14) -> 0 | AD14: =IF(AE13="","",AE13) -> 128184 | AE14: 128184 | AF14: =IF(OR(AD14="",AE14=""),"",AE14-AD14) -> 0 | AG14: =IF(AH13="","",AH13) -> 264012 | AH14: 264012 | AI14: =IF(OR(AG14="",AH14=""),"",AH14-AG14) -> 0 | AJ14: =IF(AK13="","",AK13) -> 7975801 | AK14: 7975966 | AL14: =IF(OR(AJ14="",AK14=""),"",AK14-AJ14) -> 165 | AM14: =IF(AN13="","",AN13) -> 620199 | AN14: 621436 | AO14: =IF(OR(AM14="",AN14=""),"",AN14-AM14) -> 1237 | AP14: =IF(AQ13="","",AQ13) -> 442450 | AQ14: 442450 | AR14: =IF(OR(AP14="",AQ14=""),"",AQ14-AP14) -> 0 | AS14: =IF(AT13="","",AT13) -> 1519786 | AT14: 1522301 | AU14: =IF(OR(AS14="",AT14=""),"",AT14-AS14) -> 2515 | AV14: =IF(AW13="","",AW13) -> 142575 | AW14: 142881 | AX14: =IF(OR(AV14="",AW14=""),"",AW14-AV14) -> 306 | AY14: =AZ13 -> 543815 | AZ14: 545933 | BA14: =IF(OR(AY14="",AZ14=""),"",AZ14-AY14) -> 2118 | BB14: =BC13 -> 6171250 | BC14: 6174721 | BD14: =IF(OR(BB14="",BC14=""),"",BC14-BB14) -> 3471 | BE14: =BF13 -> 3628543 | BF14: 3630769 | BG14: =IF(OR(BE14="",BF14=""),"",BF14-BE14) -> 2226 | BH14: =IF(BI13="","",BI13) | BJ14: =IF(OR(BH14="",BI14=""),"",BI14-BH14)
A15: ='Energy - Master'!A14 -> 46034 | B15: =IF(A15="","",TEXT(A15,"MMM-YYYY")) -> Jan-2026 | C15: =IF(D14="","",D14) -> 13632708 | D15: 13639592 | E15: =IF(OR(C15="",D15=""),"",D15-C15) -> 6884 | F15: =IF(G14="","",G14) -> 14131051 | G15: 14138433 | H15: =IF(OR(F15="",G15=""),"",G15-F15) -> 7382 | I15: =IF(J14="","",J14) -> 10676163 | J15: 10679610 | K15: =IF(OR(I15="",J15=""),"",J15-I15) -> 3447 | L15: =IF(M14="","",M14) -> 11235535 | M15: 11239288 | N15: =IF(OR(L15="",M15=""),"",M15-L15) -> 3753 | O15: =IF(P14="","",P14) -> 17695287 | P15: 17700072 | Q15: =IF(OR(O15="",P15=""),"",P15-O15) -> 4785 | R15: =IF(S14="","",S14) -> 11235535 | S15: 11239288 | T15: =IF(OR(R15="",S15=""),"",S15-R15) -> 3753 | U15: =IF(V14="","",V14) -> 430236 | V15: 430283 | W15: =IF(OR(U15="",V15=""),"",V15-U15) -> 47 | X15: =IF(Y14="","",Y14) -> 712648 | Y15: 712713 | Z15: =IF(OR(X15="",Y15=""),"",Y15-X15) -> 65 | AA15: =IF(AB14="","",AB14) -> 59736 | AB15: 59736 | AC15: =IF(OR(AA15="",AB15=""),"",AB15-AA15) -> 0 | AD15: =IF(AE14="","",AE14) -> 128184 | AE15: 128184 | AF15: =IF(OR(AD15="",AE15=""),"",AE15-AD15) -> 0 | AG15: =IF(AH14="","",AH14) -> 264012 | AH15: 264012 | AI15: =IF(OR(AG15="",AH15=""),"",AH15-AG15) -> 0 | AJ15: =IF(AK14="","",AK14) -> 7975966 | AK15: 7976128 | AL15: =IF(OR(AJ15="",AK15=""),"",AK15-AJ15) -> 162 | AM15: =IF(AN14="","",AN14) -> 621436 | AN15: 622670 | AO15: =IF(OR(AM15="",AN15=""),"",AN15-AM15) -> 1234 | AP15: =IF(AQ14="","",AQ14) -> 442450 | AQ15: 442450 | AR15: =IF(OR(AP15="",AQ15=""),"",AQ15-AP15) -> 0 | AS15: =IF(AT14="","",AT14) -> 1522301 | AT15: 1524819 | AU15: =IF(OR(AS15="",AT15=""),"",AT15-AS15) -> 2518 | AV15: =IF(AW14="","",AW14) -> 142881 | AW15: 143199 | AX15: =IF(OR(AV15="",AW15=""),"",AW15-AV15) -> 318 | AY15: =AZ14 -> 545933 | AZ15: 547993 | BA15: =IF(OR(AY15="",AZ15=""),"",AZ15-AY15) -> 2060 | BB15: =BC14 -> 6174721 | BC15: 6178269 | BD15: =IF(OR(BB15="",BC15=""),"",BC15-BB15) -> 3548 | BE15: =BF14 -> 3630769 | BF15: 3632991 | BG15: =IF(OR(BE15="",BF15=""),"",BF15-BE15) -> 2222 | BH15: =IF(BI14="","",BI14) | BJ15: =IF(OR(BH15="",BI15=""),"",BI15-BH15)
A16: ='Energy - Master'!A15 -> 46035 | B16: =IF(A16="","",TEXT(A16,"MMM-YYYY")) -> Jan-2026 | C16: =IF(D15="","",D15) -> 13639592 | D16: 13646373 | E16: =IF(OR(C16="",D16=""),"",D16-C16) -> 6781 | F16: =IF(G15="","",G15) -> 14138433 | G16: 14145731 | H16: =IF(OR(F16="",G16=""),"",G16-F16) -> 7298 | I16: =IF(J15="","",J15) -> 10679610 | J16: 10683079 | K16: =IF(OR(I16="",J16=""),"",J16-I16) -> 3469 | L16: =IF(M15="","",M15) -> 11239288 | M16: 11243062 | N16: =IF(OR(L16="",M16=""),"",M16-L16) -> 3774 | O16: =IF(P15="","",P15) -> 17700072 | P16: 17704841 | Q16: =IF(OR(O16="",P16=""),"",P16-O16) -> 4769 | R16: =IF(S15="","",S15) -> 11239288 | S16: 11243062 | T16: =IF(OR(R16="",S16=""),"",S16-R16) -> 3774 | U16: =IF(V15="","",V15) -> 430283 | V16: 430283 | W16: =IF(OR(U16="",V16=""),"",V16-U16) -> 0 | X16: =IF(Y15="","",Y15) -> 712713 | Y16: 712713 | Z16: =IF(OR(X16="",Y16=""),"",Y16-X16) -> 0 | AA16: =IF(AB15="","",AB15) -> 59736 | AB16: 59736 | AC16: =IF(OR(AA16="",AB16=""),"",AB16-AA16) -> 0 | AD16: =IF(AE15="","",AE15) -> 128184 | AE16: 128184 | AF16: =IF(OR(AD16="",AE16=""),"",AE16-AD16) -> 0 | AG16: =IF(AH15="","",AH15) -> 264012 | AH16: 264018 | AI16: =IF(OR(AG16="",AH16=""),"",AH16-AG16) -> 6 | AJ16: =IF(AK15="","",AK15) -> 7976128 | AK16: 7976312 | AL16: =IF(OR(AJ16="",AK16=""),"",AK16-AJ16) -> 184 | AM16: =IF(AN15="","",AN15) -> 622670 | AN16: 623942 | AO16: =IF(OR(AM16="",AN16=""),"",AN16-AM16) -> 1272 | AP16: =IF(AQ15="","",AQ15) -> 442450 | AQ16: 442450 | AR16: =IF(OR(AP16="",AQ16=""),"",AQ16-AP16) -> 0 | AS16: =IF(AT15="","",AT15) -> 1524819 | AT16: 1527447 | AU16: =IF(OR(AS16="",AT16=""),"",AT16-AS16) -> 2628 | AV16: =IF(AW15="","",AW15) -> 143199 | AW16: 143537 | AX16: =IF(OR(AV16="",AW16=""),"",AW16-AV16) -> 338 | AY16: =AZ15 -> 547993 | AZ16: 550108 | BA16: =IF(OR(AY16="",AZ16=""),"",AZ16-AY16) -> 2115 | BB16: =BC15 -> 6178269 | BC16: 6181891 | BD16: =IF(OR(BB16="",BC16=""),"",BC16-BB16) -> 3622 | BE16: =BF15 -> 3632991 | BF16: 3635366 | BG16: =IF(OR(BE16="",BF16=""),"",BF16-BE16) -> 2375 | BH16: =IF(BI15="","",BI15) | BJ16: =IF(OR(BH16="",BI16=""),"",BI16-BH16)
A17: ='Energy - Master'!A16 -> 46036 | B17: =IF(A17="","",TEXT(A17,"MMM-YYYY")) -> Jan-2026 | C17: =IF(D16="","",D16) -> 13646373 | D17: 13653762 | E17: =IF(OR(C17="",D17=""),"",D17-C17) -> 7389 | F17: =IF(G16="","",G16) -> 14145731 | G17: 14153027 | H17: =IF(OR(F17="",G17=""),"",G17-F17) -> 7296 | I17: =IF(J16="","",J16) -> 10683079 | J17: 10686504 | K17: =IF(OR(I17="",J17=""),"",J17-I17) -> 3425 | L17: =IF(M16="","",M16) -> 11243062 | M17: 11246781 | N17: =IF(OR(L17="",M17=""),"",M17-L17) -> 3719 | O17: =IF(P16="","",P16) -> 17704841 | P17: 17709534 | Q17: =IF(OR(O17="",P17=""),"",P17-O17) -> 4693 | R17: =IF(S16="","",S16) -> 11243062 | S17: 11246781 | T17: =IF(OR(R17="",S17=""),"",S17-R17) -> 3719 | U17: =IF(V16="","",V16) -> 430283 | V17: 430283 | W17: =IF(OR(U17="",V17=""),"",V17-U17) -> 0 | X17: =IF(Y16="","",Y16) -> 712713 | Y17: 712713 | Z17: =IF(OR(X17="",Y17=""),"",Y17-X17) -> 0 | AA17: =IF(AB16="","",AB16) -> 59736 | AB17: 59736 | AC17: =IF(OR(AA17="",AB17=""),"",AB17-AA17) -> 0 | AD17: =IF(AE16="","",AE16) -> 128184 | AE17: 128184 | AF17: =IF(OR(AD17="",AE17=""),"",AE17-AD17) -> 0 | AG17: =IF(AH16="","",AH16) -> 264018 | AH17: 264018 | AI17: =IF(OR(AG17="",AH17=""),"",AH17-AG17) -> 0 | AJ17: =IF(AK16="","",AK16) -> 7976312 | AK17: 7976473 | AL17: =IF(OR(AJ17="",AK17=""),"",AK17-AJ17) -> 161 | AM17: =IF(AN16="","",AN16) -> 623942 | AN17: 625176 | AO17: =IF(OR(AM17="",AN17=""),"",AN17-AM17) -> 1234 | AP17: =IF(AQ16="","",AQ16) -> 442450 | AQ17: 442450 | AR17: =IF(OR(AP17="",AQ17=""),"",AQ17-AP17) -> 0 | AS17: =IF(AT16="","",AT16) -> 1527447 | AT17: 1529872 | AU17: =IF(OR(AS17="",AT17=""),"",AT17-AS17) -> 2425 | AV17: =IF(AW16="","",AW16) -> 143537 | AW17: 143850 | AX17: =IF(OR(AV17="",AW17=""),"",AW17-AV17) -> 313 | AY17: =AZ16 -> 550108 | AZ17: 552190 | BA17: =IF(OR(AY17="",AZ17=""),"",AZ17-AY17) -> 2082 | BB17: =BC16 -> 6181891 | BC17: 6185203 | BD17: =IF(OR(BB17="",BC17=""),"",BC17-BB17) -> 3312 | BE17: =BF16 -> 3635366 | BF17: 3637612 | BG17: =IF(OR(BE17="",BF17=""),"",BF17-BE17) -> 2246 | BH17: =IF(BI16="","",BI16) | BJ17: =IF(OR(BH17="",BI17=""),"",BI17-BH17)
A18: ='Energy - Master'!A17 -> 46037 | B18: =IF(A18="","",TEXT(A18,"MMM-YYYY")) -> Jan-2026 | C18: =IF(D17="","",D17) -> 13653762 | D18: 13659999 | E18: =IF(OR(C18="",D18=""),"",D18-C18) -> 6237 | F18: =IF(G17="","",G17) -> 14153027 | G18: 14160357 | H18: =IF(OR(F18="",G18=""),"",G18-F18) -> 7330 | I18: =IF(J17="","",J17) -> 10686504 | J18: 10690258 | K18: =IF(OR(I18="",J18=""),"",J18-I18) -> 3754 | L18: =IF(M17="","",M17) -> 11246781 | M18: 11250862 | N18: =IF(OR(L18="",M18=""),"",M18-L18) -> 4081 | O18: =IF(P17="","",P17) -> 17709534 | P18: 17714705 | Q18: =IF(OR(O18="",P18=""),"",P18-O18) -> 5171 | R18: =IF(S17="","",S17) -> 11246781 | S18: 11250862 | T18: =IF(OR(R18="",S18=""),"",S18-R18) -> 4081 | U18: =IF(V17="","",V17) -> 430283 | V18: 430283 | W18: =IF(OR(U18="",V18=""),"",V18-U18) -> 0 | X18: =IF(Y17="","",Y17) -> 712713 | Y18: 712713 | Z18: =IF(OR(X18="",Y18=""),"",Y18-X18) -> 0 | AA18: =IF(AB17="","",AB17) -> 59736 | AB18: 59736 | AC18: =IF(OR(AA18="",AB18=""),"",AB18-AA18) -> 0 | AD18: =IF(AE17="","",AE17) -> 128184 | AE18: 128184 | AF18: =IF(OR(AD18="",AE18=""),"",AE18-AD18) -> 0 | AG18: =IF(AH17="","",AH17) -> 264018 | AH18: 264018 | AI18: =IF(OR(AG18="",AH18=""),"",AH18-AG18) -> 0 | AJ18: =IF(AK17="","",AK17) -> 7976473 | AK18: 7976639 | AL18: =IF(OR(AJ18="",AK18=""),"",AK18-AJ18) -> 166 | AM18: =IF(AN17="","",AN17) -> 625176 | AN18: 626426 | AO18: =IF(OR(AM18="",AN18=""),"",AN18-AM18) -> 1250 | AP18: =IF(AQ17="","",AQ17) -> 442450 | AQ18: 442450 | AR18: =IF(OR(AP18="",AQ18=""),"",AQ18-AP18) -> 0 | AS18: =IF(AT17="","",AT17) -> 1529872 | AT18: 1532330 | AU18: =IF(OR(AS18="",AT18=""),"",AT18-AS18) -> 2458 | AV18: 139410 | AW18: 144182 | AX18: =IF(OR(AV18="",AW18=""),"",AW18-AV18) -> 4772 | AY18: =AZ17 -> 552190 | AZ18: 554266 | BA18: =IF(OR(AY18="",AZ18=""),"",AZ18-AY18) -> 2076 | BB18: =BC17 -> 6185203 | BC18: 6188633 | BD18: =IF(OR(BB18="",BC18=""),"",BC18-BB18) -> 3430 | BE18: =BF17 -> 3637612 | BF18: 3639851 | BG18: =IF(OR(BE18="",BF18=""),"",BF18-BE18) -> 2239 | BH18: 1665538 | BI18: 1666482 | BJ18: =IF(OR(BH18="",BI18=""),"",BI18-BH18) -> 944
A19: ='Energy - Master'!A18 -> 46038 | B19: =IF(A19="","",TEXT(A19,"MMM-YYYY")) -> Jan-2026 | C19: =IF(D18="","",D18) -> 13659999 | D19: 13667297 | E19: =IF(OR(C19="",D19=""),"",D19-C19) -> 7298 | F19: =IF(G18="","",G18) -> 14160357 | G19: 14168072 | H19: =IF(OR(F19="",G19=""),"",G19-F19) -> 7715 | I19: =IF(J18="","",J18) -> 10690258 | J19: 10693381 | K19: =IF(OR(I19="",J19=""),"",J19-I19) -> 3123 | L19: =IF(M18="","",M18) -> 11250862 | M19: 11254267 | N19: =IF(OR(L19="",M19=""),"",M19-L19) -> 3405 | O19: =IF(P18="","",P18) -> 17714705 | P19: 17719060 | Q19: =IF(OR(O19="",P19=""),"",P19-O19) -> 4355 | R19: =IF(S18="","",S18) -> 11250862 | S19: 11254267 | T19: =IF(OR(R19="",S19=""),"",S19-R19) -> 3405 | U19: =IF(V18="","",V18) -> 430283 | V19: 430283 | W19: =IF(OR(U19="",V19=""),"",V19-U19) -> 0 | X19: =IF(Y18="","",Y18) -> 712713 | Y19: 712713 | Z19: =IF(OR(X19="",Y19=""),"",Y19-X19) -> 0 | AA19: =IF(AB18="","",AB18) -> 59736 | AB19: 59736 | AC19: =IF(OR(AA19="",AB19=""),"",AB19-AA19) -> 0 | AD19: =IF(AE18="","",AE18) -> 128184 | AE19: 128184 | AF19: =IF(OR(AD19="",AE19=""),"",AE19-AD19) -> 0 | AG19: =IF(AH18="","",AH18) -> 264018 | AH19: 264018 | AI19: =IF(OR(AG19="",AH19=""),"",AH19-AG19) -> 0 | AJ19: =IF(AK18="","",AK18) -> 7976639 | AK19: 7976813 | AL19: =IF(OR(AJ19="",AK19=""),"",AK19-AJ19) -> 174 | AM19: =IF(AN18="","",AN18) -> 626426 | AN19: 627667 | AO19: =IF(OR(AM19="",AN19=""),"",AN19-AM19) -> 1241 | AP19: =IF(AQ18="","",AQ18) -> 442450 | AQ19: 442450 | AR19: =IF(OR(AP19="",AQ19=""),"",AQ19-AP19) -> 0 | AS19: =IF(AT18="","",AT18) -> 1532330 | AT19: 1534809 | AU19: =IF(OR(AS19="",AT19=""),"",AT19-AS19) -> 2479 | AV19: =IF(AW18="","",AW18) -> 144182 | AW19: 144505 | AX19: =IF(OR(AV19="",AW19=""),"",AW19-AV19) -> 323 | AY19: =AZ18 -> 554266 | AZ19: 556297 | BA19: =IF(OR(AY19="",AZ19=""),"",AZ19-AY19) -> 2031 | BB19: =BC18 -> 6188633 | BC19: 6192010 | BD19: =IF(OR(BB19="",BC19=""),"",BC19-BB19) -> 3377 | BE19: =BF18 -> 3639851 | BF19: 3641733 | BG19: =IF(OR(BE19="",BF19=""),"",BF19-BE19) -> 1882 | BH19: =IF(BI18="","",BI18) -> 1666482 | BI19: 1666781 | BJ19: =IF(OR(BH19="",BI19=""),"",BI19-BH19) -> 299
A20: ='Energy - Master'!A19 -> 46039 | B20: =IF(A20="","",TEXT(A20,"MMM-YYYY")) -> Jan-2026 | C20: =IF(D19="","",D19) -> 13667297 | D20: 13674557 | E20: =IF(OR(C20="",D20=""),"",D20-C20) -> 7260 | F20: =IF(G19="","",G19) -> 14168072 | G20: 14175749 | H20: =IF(OR(F20="",G20=""),"",G20-F20) -> 7677 | I20: =IF(J19="","",J19) -> 10693381 | J20: 10696772 | K20: =IF(OR(I20="",J20=""),"",J20-I20) -> 3391 | L20: =IF(M19="","",M19) -> 11254267 | M20: 11257995 | N20: =IF(OR(L20="",M20=""),"",M20-L20) -> 3728 | O20: =IF(P19="","",P19) -> 17719060 | P20: 17723826 | Q20: =IF(OR(O20="",P20=""),"",P20-O20) -> 4766 | R20: =IF(S19="","",S19) -> 11254267 | S20: 11257995 | T20: =IF(OR(R20="",S20=""),"",S20-R20) -> 3728 | U20: =IF(V19="","",V19) -> 430283 | V20: 430324 | W20: =IF(OR(U20="",V20=""),"",V20-U20) -> 41 | X20: =IF(Y19="","",Y19) -> 712713 | Y20: 712775 | Z20: =IF(OR(X20="",Y20=""),"",Y20-X20) -> 62 | AA20: =IF(AB19="","",AB19) -> 59736 | AB20: 59736 | AC20: =IF(OR(AA20="",AB20=""),"",AB20-AA20) -> 0 | AD20: =IF(AE19="","",AE19) -> 128184 | AE20: 128184 | AF20: =IF(OR(AD20="",AE20=""),"",AE20-AD20) -> 0 | AG20: =IF(AH19="","",AH19) -> 264018 | AH20: 264058 | AI20: =IF(OR(AG20="",AH20=""),"",AH20-AG20) -> 40 | AJ20: =IF(AK19="","",AK19) -> 7976813 | AK20: 7976977 | AL20: =IF(OR(AJ20="",AK20=""),"",AK20-AJ20) -> 164 | AM20: =IF(AN19="","",AN19) -> 627667 | AN20: 628902 | AO20: =IF(OR(AM20="",AN20=""),"",AN20-AM20) -> 1235 | AP20: =IF(AQ19="","",AQ19) -> 442450 | AQ20: 442450 | AR20: =IF(OR(AP20="",AQ20=""),"",AQ20-AP20) -> 0 | AS20: =IF(AT19="","",AT19) -> 1534809 | AT20: 1537292 | AU20: =IF(OR(AS20="",AT20=""),"",AT20-AS20) -> 2483 | AV20: =IF(AW19="","",AW19) -> 144505 | AW20: 144833 | AX20: =IF(OR(AV20="",AW20=""),"",AW20-AV20) -> 328 | AY20: =AZ19 -> 556297 | AZ20: 558319 | BA20: =IF(OR(AY20="",AZ20=""),"",AZ20-AY20) -> 2022 | BB20: =BC19 -> 6192010 | BC20: 6195407 | BD20: =IF(OR(BB20="",BC20=""),"",BC20-BB20) -> 3397 | BE20: =BF19 -> 3641733 | BF20: 3643653 | BG20: =IF(OR(BE20="",BF20=""),"",BF20-BE20) -> 1920 | BH20: =IF(BI19="","",BI19) -> 1666781 | BI20: 1667235 | BJ20: =IF(OR(BH20="",BI20=""),"",BI20-BH20) -> 454
A21: ='Energy - Master'!A20 -> 46040 | B21: =IF(A21="","",TEXT(A21,"MMM-YYYY")) -> Jan-2026 | C21: =IF(D20="","",D20) -> 13674557 | D21: 13681691 | E21: =IF(OR(C21="",D21=""),"",D21-C21) -> 7134 | F21: =IF(G20="","",G20) -> 14175749 | G21: 14183380 | H21: =IF(OR(F21="",G21=""),"",G21-F21) -> 7631 | I21: =IF(J20="","",J20) -> 10696772 | J21: 10700209 | K21: =IF(OR(I21="",J21=""),"",J21-I21) -> 3437 | L21: =IF(M20="","",M20) -> 11257995 | M21: 11261777 | N21: =IF(OR(L21="",M21=""),"",M21-L21) -> 3782 | O21: =IF(P20="","",P20) -> 17723826 | P21: 17728700 | Q21: =IF(OR(O21="",P21=""),"",P21-O21) -> 4874 | R21: =IF(S20="","",S20) -> 11257995 | S21: 11261777 | T21: =IF(OR(R21="",S21=""),"",S21-R21) -> 3782 | U21: =IF(V20="","",V20) -> 430324 | V21: 430324 | W21: =IF(OR(U21="",V21=""),"",V21-U21) -> 0 | X21: =IF(Y20="","",Y20) -> 712775 | Y21: 712775 | Z21: =IF(OR(X21="",Y21=""),"",Y21-X21) -> 0 | AA21: =IF(AB20="","",AB20) -> 59736 | AB21: 59736 | AC21: =IF(OR(AA21="",AB21=""),"",AB21-AA21) -> 0 | AD21: =IF(AE20="","",AE20) -> 128184 | AE21: 128184 | AF21: =IF(OR(AD21="",AE21=""),"",AE21-AD21) -> 0 | AG21: =IF(AH20="","",AH20) -> 264058 | AH21: 264058 | AI21: =IF(OR(AG21="",AH21=""),"",AH21-AG21) -> 0 | AJ21: =IF(AK20="","",AK20) -> 7976977 | AK21: 7977163 | AL21: =IF(OR(AJ21="",AK21=""),"",AK21-AJ21) -> 186 | AM21: =IF(AN20="","",AN20) -> 628902 | AN21: 630147 | AO21: =IF(OR(AM21="",AN21=""),"",AN21-AM21) -> 1245 | AP21: =IF(AQ20="","",AQ20) -> 442450 | AQ21: 442450 | AR21: =IF(OR(AP21="",AQ21=""),"",AQ21-AP21) -> 0 | AS21: =IF(AT20="","",AT20) -> 1537292 | AT21: 1539775 | AU21: =IF(OR(AS21="",AT21=""),"",AT21-AS21) -> 2483 | AV21: =IF(AW20="","",AW20) -> 144833 | AW21: 145160 | AX21: =IF(OR(AV21="",AW21=""),"",AW21-AV21) -> 327 | AY21: =AZ20 -> 558319 | AZ21: 560372 | BA21: =IF(OR(AY21="",AZ21=""),"",AZ21-AY21) -> 2053 | BB21: =BC20 -> 6195407 | BC21: 6198835 | BD21: =IF(OR(BB21="",BC21=""),"",BC21-BB21) -> 3428 | BE21: =BF20 -> 3643653 | BF21: 3645714 | BG21: =IF(OR(BE21="",BF21=""),"",BF21-BE21) -> 2061 | BH21: =IF(BI20="","",BI20) -> 1667235 | BI21: 1668083 | BJ21: =IF(OR(BH21="",BI21=""),"",BI21-BH21) -> 848
A22: ='Energy - Master'!A21 -> 46041 | B22: =IF(A22="","",TEXT(A22,"MMM-YYYY")) -> Jan-2026 | C22: =IF(D21="","",D21) -> 13681691 | D22: 13688911 | E22: =IF(OR(C22="",D22=""),"",D22-C22) -> 7220 | F22: =IF(G21="","",G21) -> 14183380 | G22: 14191061 | H22: =IF(OR(F22="",G22=""),"",G22-F22) -> 7681 | I22: =IF(J21="","",J21) -> 10700209 | J22: 10703617 | K22: =IF(OR(I22="",J22=""),"",J22-I22) -> 3408 | L22: =IF(M21="","",M21) -> 11261777 | M22: 11265493 | N22: =IF(OR(L22="",M22=""),"",M22-L22) -> 3716 | O22: =IF(P21="","",P21) -> 17728700 | P22: 17733516 | Q22: =IF(OR(O22="",P22=""),"",P22-O22) -> 4816 | R22: =IF(S21="","",S21) -> 11261777 | S22: 11265493 | T22: =IF(OR(R22="",S22=""),"",S22-R22) -> 3716 | U22: =IF(V21="","",V21) -> 430324 | V22: 430324 | W22: =IF(OR(U22="",V22=""),"",V22-U22) -> 0 | X22: =IF(Y21="","",Y21) -> 712775 | Y22: 712775 | Z22: =IF(OR(X22="",Y22=""),"",Y22-X22) -> 0 | AA22: =IF(AB21="","",AB21) -> 59736 | AB22: 59736 | AC22: =IF(OR(AA22="",AB22=""),"",AB22-AA22) -> 0 | AD22: =IF(AE21="","",AE21) -> 128184 | AE22: 128184 | AF22: =IF(OR(AD22="",AE22=""),"",AE22-AD22) -> 0 | AG22: =IF(AH21="","",AH21) -> 264058 | AH22: 264058 | AI22: =IF(OR(AG22="",AH22=""),"",AH22-AG22) -> 0 | AJ22: =IF(AK21="","",AK21) -> 7977163 | AK22: 7977365 | AL22: =IF(OR(AJ22="",AK22=""),"",AK22-AJ22) -> 202 | AM22: =IF(AN21="","",AN21) -> 630147 | AN22: 631423 | AO22: =IF(OR(AM22="",AN22=""),"",AN22-AM22) -> 1276 | AP22: =IF(AQ21="","",AQ21) -> 442450 | AQ22: 442450 | AR22: =IF(OR(AP22="",AQ22=""),"",AQ22-AP22) -> 0 | AS22: =IF(AT21="","",AT21) -> 1539775 | AT22: 1542328 | AU22: =IF(OR(AS22="",AT22=""),"",AT22-AS22) -> 2553 | AV22: =IF(AW21="","",AW21) -> 145160 | AW22: 145498 | AX22: =IF(OR(AV22="",AW22=""),"",AW22-AV22) -> 338 | AY22: =AZ21 -> 560372 | AZ22: 562461 | BA22: =IF(OR(AY22="",AZ22=""),"",AZ22-AY22) -> 2089 | BB22: =BC21 -> 6198835 | BC22: 6202354 | BD22: =IF(OR(BB22="",BC22=""),"",BC22-BB22) -> 3519 | BE22: =BF21 -> 3645714 | BF22: 3647771 | BG22: =IF(OR(BE22="",BF22=""),"",BF22-BE22) -> 2057 | BH22: =IF(BI21="","",BI21) -> 1668083 | BI22: 1669041 | BJ22: =IF(OR(BH22="",BI22=""),"",BI22-BH22) -> 958
A23: ='Energy - Master'!A22 -> 46042 | B23: =IF(A23="","",TEXT(A23,"MMM-YYYY")) -> Jan-2026 | C23: =IF(D22="","",D22) -> 13688911 | D23: 13695874 | E23: =IF(OR(C23="",D23=""),"",D23-C23) -> 6963 | F23: =IF(G22="","",G22) -> 14191061 | G23: 14198526 | H23: =IF(OR(F23="",G23=""),"",G23-F23) -> 7465 | I23: =IF(J22="","",J22) -> 10703617 | J23: 10707049 | K23: =IF(OR(I23="",J23=""),"",J23-I23) -> 3432 | L23: =IF(M22="","",M22) -> 11265493 | M23: 11269233 | N23: =IF(OR(L23="",M23=""),"",M23-L23) -> 3740 | O23: =IF(P22="","",P22) -> 17733516 | P23: 17738275 | Q23: =IF(OR(O23="",P23=""),"",P23-O23) -> 4759 | R23: =IF(S22="","",S22) -> 11265493 | S23: 11269233 | T23: =IF(OR(R23="",S23=""),"",S23-R23) -> 3740 | U23: =IF(V22="","",V22) -> 430324 | V23: 430324 | W23: =IF(OR(U23="",V23=""),"",V23-U23) -> 0 | X23: =IF(Y22="","",Y22) -> 712775 | Y23: 712775 | Z23: =IF(OR(X23="",Y23=""),"",Y23-X23) -> 0 | AA23: =IF(AB22="","",AB22) -> 59736 | AB23: 59736 | AC23: =IF(OR(AA23="",AB23=""),"",AB23-AA23) -> 0 | AD23: =IF(AE22="","",AE22) -> 128184 | AE23: 128184 | AF23: =IF(OR(AD23="",AE23=""),"",AE23-AD23) -> 0 | AG23: =IF(AH22="","",AH22) -> 264058 | AH23: 264058 | AI23: =IF(OR(AG23="",AH23=""),"",AH23-AG23) -> 0 | AJ23: =IF(AK22="","",AK22) -> 7977365 | AK23: 7977551 | AL23: =IF(OR(AJ23="",AK23=""),"",AK23-AJ23) -> 186 | AM23: =IF(AN22="","",AN22) -> 631423 | AN23: 632681 | AO23: =IF(OR(AM23="",AN23=""),"",AN23-AM23) -> 1258 | AP23: =IF(AQ22="","",AQ22) -> 442450 | AQ23: 442450 | AR23: =IF(OR(AP23="",AQ23=""),"",AQ23-AP23) -> 0 | AS23: =IF(AT22="","",AT22) -> 1542328 | AT23: 1544857 | AU23: =IF(OR(AS23="",AT23=""),"",AT23-AS23) -> 2529 | AV23: =IF(AW22="","",AW22) -> 145498 | AW23: 145815 | AX23: =IF(OR(AV23="",AW23=""),"",AW23-AV23) -> 317 | AY23: =AZ22 -> 562461 | AZ23: 564515 | BA23: =IF(OR(AY23="",AZ23=""),"",AZ23-AY23) -> 2054 | BB23: =BC22 -> 6202354 | BC23: 6205835 | BD23: =IF(OR(BB23="",BC23=""),"",BC23-BB23) -> 3481 | BE23: =BF22 -> 3647771 | BF23: 3650030 | BG23: =IF(OR(BE23="",BF23=""),"",BF23-BE23) -> 2259 | BH23: =IF(BI22="","",BI22) -> 1669041 | BI23: 1669660 | BJ23: =IF(OR(BH23="",BI23=""),"",BI23-BH23) -> 619
A24: ='Energy - Master'!A23 -> 46043 | B24: =IF(A24="","",TEXT(A24,"MMM-YYYY")) -> Jan-2026 | C24: =IF(D23="","",D23) -> 13695874 | D24: 13702782 | E24: =IF(OR(C24="",D24=""),"",D24-C24) -> 6908 | F24: =IF(G23="","",G23) -> 14198526 | G24: 14205943 | H24: =IF(OR(F24="",G24=""),"",G24-F24) -> 7417 | I24: =IF(J23="","",J23) -> 10707049 | J24: 10710476 | K24: =IF(OR(I24="",J24=""),"",J24-I24) -> 3427 | L24: =IF(M23="","",M23) -> 11269233 | M24: 11272982 | N24: =IF(OR(L24="",M24=""),"",M24-L24) -> 3749 | O24: =IF(P23="","",P23) -> 17738275 | P24: 17743016 | Q24: =IF(OR(O24="",P24=""),"",P24-O24) -> 4741 | R24: =IF(S23="","",S23) -> 11269233 | S24: 11272982 | T24: =IF(OR(R24="",S24=""),"",S24-R24) -> 3749 | U24: =IF(V23="","",V23) -> 430324 | V24: 430324 | W24: =IF(OR(U24="",V24=""),"",V24-U24) -> 0 | X24: =IF(Y23="","",Y23) -> 712775 | Y24: 712775 | Z24: =IF(OR(X24="",Y24=""),"",Y24-X24) -> 0 | AA24: =IF(AB23="","",AB23) -> 59736 | AB24: 59736 | AC24: =IF(OR(AA24="",AB24=""),"",AB24-AA24) -> 0 | AD24: =IF(AE23="","",AE23) -> 128184 | AE24: 128184 | AF24: =IF(OR(AD24="",AE24=""),"",AE24-AD24) -> 0 | AG24: =IF(AH23="","",AH23) -> 264058 | AH24: 264058 | AI24: =IF(OR(AG24="",AH24=""),"",AH24-AG24) -> 0 | AJ24: =IF(AK23="","",AK23) -> 7977551 | AK24: 7977743 | AL24: =IF(OR(AJ24="",AK24=""),"",AK24-AJ24) -> 192 | AM24: =IF(AN23="","",AN23) -> 632681 | AN24: 633958 | AO24: =IF(OR(AM24="",AN24=""),"",AN24-AM24) -> 1277 | AP24: =IF(AQ23="","",AQ23) -> 442450 | AQ24: 442450 | AR24: =IF(OR(AP24="",AQ24=""),"",AQ24-AP24) -> 0 | AS24: =IF(AT23="","",AT23) -> 1544857 | AT24: 1547410 | AU24: =IF(OR(AS24="",AT24=""),"",AT24-AS24) -> 2553 | AV24: =IF(AW23="","",AW23) -> 145815 | AW24: 146135 | AX24: =IF(OR(AV24="",AW24=""),"",AW24-AV24) -> 320 | AY24: =AZ23 -> 564515 | AZ24: 566570 | BA24: =IF(OR(AY24="",AZ24=""),"",AZ24-AY24) -> 2055 | BB24: =BC23 -> 6205835 | BC24: 6209291 | BD24: =IF(OR(BB24="",BC24=""),"",BC24-BB24) -> 3456 | BE24: =BF23 -> 3650030 | BF24: 3652306 | BG24: =IF(OR(BE24="",BF24=""),"",BF24-BE24) -> 2276 | BH24: =IF(BI23="","",BI23) -> 1669660 | BI24: 1670370 | BJ24: =IF(OR(BH24="",BI24=""),"",BI24-BH24) -> 710
A25: ='Energy - Master'!A24 -> 46044 | B25: =IF(A25="","",TEXT(A25,"MMM-YYYY")) -> Jan-2026 | C25: =IF(D24="","",D24) -> 13702782 | D25: 13709681 | E25: =IF(OR(C25="",D25=""),"",D25-C25) -> 6899 | F25: =IF(G24="","",G24) -> 14205943 | G25: 14213389 | H25: =IF(OR(F25="",G25=""),"",G25-F25) -> 7446 | I25: =IF(J24="","",J24) -> 10710476 | J25: 10714003 | K25: =IF(OR(I25="",J25=""),"",J25-I25) -> 3527 | L25: =IF(M24="","",M24) -> 11272982 | M25: 11276862 | N25: =IF(OR(L25="",M25=""),"",M25-L25) -> 3880 | O25: =IF(P24="","",P24) -> 17743016 | P25: 17747747 | Q25: =IF(OR(O25="",P25=""),"",P25-O25) -> 4731 | R25: =IF(S24="","",S24) -> 11272982 | S25: 11276862 | T25: =IF(OR(R25="",S25=""),"",S25-R25) -> 3880 | U25: =IF(V24="","",V24) -> 430324 | V25: 430324 | W25: =IF(OR(U25="",V25=""),"",V25-U25) -> 0 | X25: =IF(Y24="","",Y24) -> 712775 | Y25: 712775 | Z25: =IF(OR(X25="",Y25=""),"",Y25-X25) -> 0 | AA25: =IF(AB24="","",AB24) -> 59736 | AB25: 59736 | AC25: =IF(OR(AA25="",AB25=""),"",AB25-AA25) -> 0 | AD25: =IF(AE24="","",AE24) -> 128184 | AE25: 128184 | AF25: =IF(OR(AD25="",AE25=""),"",AE25-AD25) -> 0 | AG25: =IF(AH24="","",AH24) -> 264058 | AH25: 264058 | AI25: =IF(OR(AG25="",AH25=""),"",AH25-AG25) -> 0 | AJ25: =IF(AK24="","",AK24) -> 7977743 | AK25: 7977933 | AL25: =IF(OR(AJ25="",AK25=""),"",AK25-AJ25) -> 190 | AM25: =IF(AN24="","",AN24) -> 633958 | AN25: 635226 | AO25: =IF(OR(AM25="",AN25=""),"",AN25-AM25) -> 1268 | AP25: =IF(AQ24="","",AQ24) -> 442450 | AQ25: 442450 | AR25: =IF(OR(AP25="",AQ25=""),"",AQ25-AP25) -> 0 | AS25: =IF(AT24="","",AT24) -> 1547410 | AT25: 1549979 | AU25: =IF(OR(AS25="",AT25=""),"",AT25-AS25) -> 2569 | AV25: =IF(AW24="","",AW24) -> 146135 | AW25: 146474 | AX25: =IF(OR(AV25="",AW25=""),"",AW25-AV25) -> 339 | AY25: =AZ24 -> 566570 | AZ25: 568607 | BA25: =IF(OR(AY25="",AZ25=""),"",AZ25-AY25) -> 2037 | BB25: =BC24 -> 6209291 | BC25: 6212652 | BD25: =IF(OR(BB25="",BC25=""),"",BC25-BB25) -> 3361 | BE25: =BF24 -> 3652306 | BF25: 3654573 | BG25: =IF(OR(BE25="",BF25=""),"",BF25-BE25) -> 2267 | BH25: =IF(BI24="","",BI24) -> 1670370 | BI25: 1671186 | BJ25: =IF(OR(BH25="",BI25=""),"",BI25-BH25) -> 816
A26: ='Energy - Master'!A25 -> 46045 | B26: =IF(A26="","",TEXT(A26,"MMM-YYYY")) -> Jan-2026 | C26: =IF(D25="","",D25) -> 13709681 | D26: 13716686 | E26: =IF(OR(C26="",D26=""),"",D26-C26) -> 7005 | F26: =IF(G25="","",G25) -> 14213389 | G26: 14220882 | H26: =IF(OR(F26="",G26=""),"",G26-F26) -> 7493 | I26: =IF(J25="","",J25) -> 10714003 | J26: 10717333 | K26: =IF(OR(I26="",J26=""),"",J26-I26) -> 3330 | L26: =IF(M25="","",M25) -> 11276862 | M26: 11280556 | N26: =IF(OR(L26="",M26=""),"",M26-L26) -> 3694 | O26: =IF(P25="","",P25) -> 17747747 | P26: 17752413 | Q26: =IF(OR(O26="",P26=""),"",P26-O26) -> 4666 | R26: =IF(S25="","",S25) -> 11276862 | S26: 11280556 | T26: =IF(OR(R26="",S26=""),"",S26-R26) -> 3694 | U26: =IF(V25="","",V25) -> 430324 | V26: 430324 | W26: =IF(OR(U26="",V26=""),"",V26-U26) -> 0 | X26: =IF(Y25="","",Y25) -> 712775 | Y26: 712775 | Z26: =IF(OR(X26="",Y26=""),"",Y26-X26) -> 0 | AA26: =IF(AB25="","",AB25) -> 59736 | AB26: 59781 | AC26: =IF(OR(AA26="",AB26=""),"",AB26-AA26) -> 45 | AD26: =IF(AE25="","",AE25) -> 128184 | AE26: 128184 | AF26: =IF(OR(AD26="",AE26=""),"",AE26-AD26) -> 0 | AG26: =IF(AH25="","",AH25) -> 264058 | AH26: 264096 | AI26: =IF(OR(AG26="",AH26=""),"",AH26-AG26) -> 38 | AJ26: =IF(AK25="","",AK25) -> 7977933 | AK26: 7978125 | AL26: =IF(OR(AJ26="",AK26=""),"",AK26-AJ26) -> 192 | AM26: =IF(AN25="","",AN25) -> 635226 | AN26: 636514 | AO26: =IF(OR(AM26="",AN26=""),"",AN26-AM26) -> 1288 | AP26: =IF(AQ25="","",AQ25) -> 442450 | AQ26: 442450 | AR26: =IF(OR(AP26="",AQ26=""),"",AQ26-AP26) -> 0 | AS26: =IF(AT25="","",AT25) -> 1549979 | AT26: 1552566 | AU26: =IF(OR(AS26="",AT26=""),"",AT26-AS26) -> 2587 | AV26: =IF(AW25="","",AW25) -> 146474 | AW26: 146795 | AX26: =IF(OR(AV26="",AW26=""),"",AW26-AV26) -> 321 | AY26: =AZ25 -> 568607 | AZ26: 570699 | BA26: =IF(OR(AY26="",AZ26=""),"",AZ26-AY26) -> 2092 | BB26: =BC25 -> 6212652 | BC26: 6216069 | BD26: =IF(OR(BB26="",BC26=""),"",BC26-BB26) -> 3417 | BE26: =BF25 -> 3654573 | BF26: 3656727 | BG26: =IF(OR(BE26="",BF26=""),"",BF26-BE26) -> 2154 | BH26: =IF(BI25="","",BI25) -> 1671186 | BI26: 1672084 | BJ26: =IF(OR(BH26="",BI26=""),"",BI26-BH26) -> 898
A27: ='Energy - Master'!A26 -> 46046 | B27: =IF(A27="","",TEXT(A27,"MMM-YYYY")) -> Jan-2026 | C27: =IF(D26="","",D26) -> 13716686 | D27: 13722202 | E27: =IF(OR(C27="",D27=""),"",D27-C27) -> 5516 | F27: =IF(G26="","",G26) -> 14220882 | G27: 14226808 | H27: =IF(OR(F27="",G27=""),"",G27-F27) -> 5926 | I27: =IF(J26="","",J26) -> 10717333 | J27: 10719902 | K27: =IF(OR(I27="",J27=""),"",J27-I27) -> 2569 | L27: =IF(M26="","",M26) -> 11280556 | M27: 11283463 | N27: =IF(OR(L27="",M27=""),"",M27-L27) -> 2907 | O27: =IF(P26="","",P26) -> 17752413 | P27: 17756260 | Q27: =IF(OR(O27="",P27=""),"",P27-O27) -> 3847 | R27: =IF(S26="","",S26) -> 11280556 | S27: 11283463 | T27: =IF(OR(R27="",S27=""),"",S27-R27) -> 2907 | U27: =IF(V26="","",V26) -> 430324 | V27: 430945 | W27: =IF(OR(U27="",V27=""),"",V27-U27) -> 621 | X27: =IF(Y26="","",Y26) -> 712775 | Y27: 713595 | Z27: =IF(OR(X27="",Y27=""),"",Y27-X27) -> 820 | AA27: =IF(AB26="","",AB26) -> 59781 | AB27: 59781 | AC27: =IF(OR(AA27="",AB27=""),"",AB27-AA27) -> 0 | AD27: =IF(AE26="","",AE26) -> 128184 | AE27: 128184 | AF27: =IF(OR(AD27="",AE27=""),"",AE27-AD27) -> 0 | AG27: =IF(AH26="","",AH26) -> 264096 | AH27: 264096 | AI27: =IF(OR(AG27="",AH27=""),"",AH27-AG27) -> 0 | AJ27: =IF(AK26="","",AK26) -> 7978125 | AK27: 7978316 | AL27: =IF(OR(AJ27="",AK27=""),"",AK27-AJ27) -> 191 | AM27: =IF(AN26="","",AN26) -> 636514 | AN27: 637572 | AO27: =IF(OR(AM27="",AN27=""),"",AN27-AM27) -> 1058 | AP27: =IF(AQ26="","",AQ26) -> 442450 | AQ27: 442450 | AR27: =IF(OR(AP27="",AQ27=""),"",AQ27-AP27) -> 0 | AS27: =IF(AT26="","",AT26) -> 1552566 | AT27: 1554672 | AU27: =IF(OR(AS27="",AT27=""),"",AT27-AS27) -> 2106 | AV27: =IF(AW26="","",AW26) -> 146795 | AW27: 147038 | AX27: =IF(OR(AV27="",AW27=""),"",AW27-AV27) -> 243 | AY27: =AZ26 -> 570699 | AZ27: 572395 | BA27: =IF(OR(AY27="",AZ27=""),"",AZ27-AY27) -> 1696 | BB27: =BC26 -> 6216069 | BC27: 6219355 | BD27: =IF(OR(BB27="",BC27=""),"",BC27-BB27) -> 3286 | BE27: =BF26 -> 3656727 | BF27: 3658705 | BG27: =IF(OR(BE27="",BF27=""),"",BF27-BE27) -> 1978 | BH27: =IF(BI26="","",BI26) -> 1672084 | BI27: 1673153 | BJ27: =IF(OR(BH27="",BI27=""),"",BI27-BH27) -> 1069
A28: ='Energy - Master'!A27 -> 46047 | B28: =IF(A28="","",TEXT(A28,"MMM-YYYY")) -> Jan-2026 | C28: =IF(D27="","",D27) -> 13722202 | D28: 13728722 | E28: =IF(OR(C28="",D28=""),"",D28-C28) -> 6520 | F28: =IF(G27="","",G27) -> 14226808 | G28: 14233822 | H28: =IF(OR(F28="",G28=""),"",G28-F28) -> 7014 | I28: =IF(J27="","",J27) -> 10719902 | J28: 10723132 | K28: =IF(OR(I28="",J28=""),"",J28-I28) -> 3230 | L28: =IF(M27="","",M27) -> 11283463 | M28: 11287030 | N28: =IF(OR(L28="",M28=""),"",M28-L28) -> 3567 | O28: =IF(P27="","",P27) -> 17756260 | P28: 17760680 | Q28: =IF(OR(O28="",P28=""),"",P28-O28) -> 4420 | R28: =IF(S27="","",S27) -> 11283463 | S28: 11287030 | T28: =IF(OR(R28="",S28=""),"",S28-R28) -> 3567 | U28: =IF(V27="","",V27) -> 430945 | V28: 431047 | W28: =IF(OR(U28="",V28=""),"",V28-U28) -> 102 | X28: =IF(Y27="","",Y27) -> 713595 | Y28: 713726 | Z28: =IF(OR(X28="",Y28=""),"",Y28-X28) -> 131 | AA28: =IF(AB27="","",AB27) -> 59781 | AB28: 59781 | AC28: =IF(OR(AA28="",AB28=""),"",AB28-AA28) -> 0 | AD28: =IF(AE27="","",AE27) -> 128184 | AE28: 128184 | AF28: =IF(OR(AD28="",AE28=""),"",AE28-AD28) -> 0 | AG28: =IF(AH27="","",AH27) -> 264096 | AH28: 264098 | AI28: =IF(OR(AG28="",AH28=""),"",AH28-AG28) -> 2 | AJ28: =IF(AK27="","",AK27) -> 7978316 | AK28: 7978473 | AL28: =IF(OR(AJ28="",AK28=""),"",AK28-AJ28) -> 157 | AM28: =IF(AN27="","",AN27) -> 637572 | AN28: 638796 | AO28: =IF(OR(AM28="",AN28=""),"",AN28-AM28) -> 1224 | AP28: =IF(AQ27="","",AQ27) -> 442450 | AQ28: 442450 | AR28: =IF(OR(AP28="",AQ28=""),"",AQ28-AP28) -> 0 | AS28: =IF(AT27="","",AT27) -> 1554672 | AT28: 1557097 | AU28: =IF(OR(AS28="",AT28=""),"",AT28-AS28) -> 2425 | AV28: =IF(AW27="","",AW27) -> 147038 | AW28: 147338 | AX28: =IF(OR(AV28="",AW28=""),"",AW28-AV28) -> 300 | AY28: =AZ27 -> 572395 | AZ28: 574396 | BA28: =IF(OR(AY28="",AZ28=""),"",AZ28-AY28) -> 2001 | BB28: =BC27 -> 6219355 | BC28: 6222639 | BD28: =IF(OR(BB28="",BC28=""),"",BC28-BB28) -> 3284 | BE28: =BF27 -> 3658705 | BF28: 3660788 | BG28: =IF(OR(BE28="",BF28=""),"",BF28-BE28) -> 2083 | BH28: =IF(BI27="","",BI27) -> 1673153 | BI28: 1674180 | BJ28: =IF(OR(BH28="",BI28=""),"",BI28-BH28) -> 1027
A29: ='Energy - Master'!A28 -> 46048 | B29: =IF(A29="","",TEXT(A29,"MMM-YYYY")) -> Jan-2026 | C29: =IF(D28="","",D28) -> 13728722 | D29: 13735060 | E29: =IF(OR(C29="",D29=""),"",D29-C29) -> 6338 | F29: =IF(G28="","",G28) -> 14233822 | G29: 14240752 | H29: =IF(OR(F29="",G29=""),"",G29-F29) -> 6930 | I29: =IF(J28="","",J28) -> 10723132 | J29: 10726283 | K29: =IF(OR(I29="",J29=""),"",J29-I29) -> 3151 | L29: =IF(M28="","",M28) -> 11287030 | M29: 11290546 | N29: =IF(OR(L29="",M29=""),"",M29-L29) -> 3516 | O29: =IF(P28="","",P28) -> 17760680 | P29: 17764879 | Q29: =IF(OR(O29="",P29=""),"",P29-O29) -> 4199 | R29: =IF(S28="","",S28) -> 11287030 | S29: 11290546 | T29: =IF(OR(R29="",S29=""),"",S29-R29) -> 3516 | U29: =IF(V28="","",V28) -> 431047 | V29: 431073 | W29: =IF(OR(U29="",V29=""),"",V29-U29) -> 26 | X29: =IF(Y28="","",Y28) -> 713726 | Y29: 713755 | Z29: =IF(OR(X29="",Y29=""),"",Y29-X29) -> 29 | AA29: =IF(AB28="","",AB28) -> 59781 | AB29: 59781 | AC29: =IF(OR(AA29="",AB29=""),"",AB29-AA29) -> 0 | AD29: =IF(AE28="","",AE28) -> 128184 | AE29: 128184 | AF29: =IF(OR(AD29="",AE29=""),"",AE29-AD29) -> 0 | AG29: =IF(AH28="","",AH28) -> 264098 | AH29: 264098 | AI29: =IF(OR(AG29="",AH29=""),"",AH29-AG29) -> 0 | AJ29: =IF(AK28="","",AK28) -> 7978473 | AK29: 7978652 | AL29: =IF(OR(AJ29="",AK29=""),"",AK29-AJ29) -> 179 | AM29: =IF(AN28="","",AN28) -> 638796 | AN29: 639973 | AO29: =IF(OR(AM29="",AN29=""),"",AN29-AM29) -> 1177 | AP29: =IF(AQ28="","",AQ28) -> 442450 | AQ29: 442450 | AR29: =IF(OR(AP29="",AQ29=""),"",AQ29-AP29) -> 0 | AS29: =IF(AT28="","",AT28) -> 1557097 | AT29: 1559275 | AU29: =IF(OR(AS29="",AT29=""),"",AT29-AS29) -> 2178 | AV29: =IF(AW28="","",AW28) -> 147338 | AW29: 147644 | AX29: =IF(OR(AV29="",AW29=""),"",AW29-AV29) -> 306 | AY29: =AZ28 -> 574396 | AZ29: 576374 | BA29: =IF(OR(AY29="",AZ29=""),"",AZ29-AY29) -> 1978 | BB29: =BC28 -> 6222639 | BC29: 6225370 | BD29: =IF(OR(BB29="",BC29=""),"",BC29-BB29) -> 2731 | BE29: =BF28 -> 3660788 | BF29: 3662779 | BG29: =IF(OR(BE29="",BF29=""),"",BF29-BE29) -> 1991 | BH29: =IF(BI28="","",BI28) -> 1674180 | BI29: 1675210 | BJ29: =IF(OR(BH29="",BI29=""),"",BI29-BH29) -> 1030
A30: ='Energy - Master'!A29 -> 46049 | B30: =IF(A30="","",TEXT(A30,"MMM-YYYY")) -> Jan-2026 | C30: =IF(D29="","",D29) -> 13735060 | D30: 13741489 | E30: =IF(OR(C30="",D30=""),"",D30-C30) -> 6429 | F30: =IF(G29="","",G29) -> 14240752 | G30: 14247582 | H30: =IF(OR(F30="",G30=""),"",G30-F30) -> 6830 | I30: =IF(J29="","",J29) -> 10726283 | J30: 10729401 | K30: =IF(OR(I30="",J30=""),"",J30-I30) -> 3118 | L30: =IF(M29="","",M29) -> 11290546 | M30: 11293963 | N30: =IF(OR(L30="",M30=""),"",M30-L30) -> 3417 | O30: =IF(P29="","",P29) -> 17764879 | P30: 17769121 | Q30: =IF(OR(O30="",P30=""),"",P30-O30) -> 4242 | R30: =IF(S29="","",S29) -> 11290546 | S30: 11293963 | T30: =IF(OR(R30="",S30=""),"",S30-R30) -> 3417 | U30: =IF(V29="","",V29) -> 431073 | V30: 431547 | W30: =IF(OR(U30="",V30=""),"",V30-U30) -> 474 | X30: =IF(Y29="","",Y29) -> 713755 | Y30: 714378 | Z30: =IF(OR(X30="",Y30=""),"",Y30-X30) -> 623 | AA30: =IF(AB29="","",AB29) -> 59781 | AB30: 59781 | AC30: =IF(OR(AA30="",AB30=""),"",AB30-AA30) -> 0 | AD30: =IF(AE29="","",AE29) -> 128184 | AE30: 128184 | AF30: =IF(OR(AD30="",AE30=""),"",AE30-AD30) -> 0 | AG30: =IF(AH29="","",AH29) -> 264098 | AH30: 264098 | AI30: =IF(OR(AG30="",AH30=""),"",AH30-AG30) -> 0 | AJ30: =IF(AK29="","",AK29) -> 7978652 | AK30: 7978859 | AL30: =IF(OR(AJ30="",AK30=""),"",AK30-AJ30) -> 207 | AM30: =IF(AN29="","",AN29) -> 639973 | AN30: 641142 | AO30: =IF(OR(AM30="",AN30=""),"",AN30-AM30) -> 1169 | AP30: =IF(AQ29="","",AQ29) -> 442450 | AQ30: 442450 | AR30: =IF(OR(AP30="",AQ30=""),"",AQ30-AP30) -> 0 | AS30: =IF(AT29="","",AT29) -> 1559275 | AT30: 1561592 | AU30: =IF(OR(AS30="",AT30=""),"",AT30-AS30) -> 2317 | AV30: =IF(AW29="","",AW29) -> 147644 | AW30: 147959 | AX30: =IF(OR(AV30="",AW30=""),"",AW30-AV30) -> 315 | AY30: =AZ29 -> 576374 | AZ30: 578329 | BA30: =IF(OR(AY30="",AZ30=""),"",AZ30-AY30) -> 1955 | BB30: =BC29 -> 6225370 | BC30: 6228741 | BD30: =IF(OR(BB30="",BC30=""),"",BC30-BB30) -> 3371 | BE30: =BF29 -> 3662779 | BF30: 3664471 | BG30: =IF(OR(BE30="",BF30=""),"",BF30-BE30) -> 1692 | BH30: =IF(BI29="","",BI29) -> 1675210 | BI30: 1676304 | BJ30: =IF(OR(BH30="",BI30=""),"",BI30-BH30) -> 1094
... A67: ='Energy - Master'!A66 -> 46086 | B67: =IF(A67="","",TEXT(A67,"MMM-YYYY")) -> Mar-2026 | C67: =IF(D66="","",D66) -> 13998956 | D67: 14006879 | E67: =IF(OR(C67="",D67=""),"",D67-C67) -> 7923 | F67: =IF(G66="","",G66) -> 14525718 | G67: 14534782 | H67: =IF(OR(F67="",G67=""),"",G67-F67) -> 9064 | I67: =IF(J66="","",J66) -> 10856591 | J67: 10860577 | K67: =IF(OR(I67="",J67=""),"",J67-I67) -> 3986 | L67: =IF(M66="","",M66) -> 11431498 | M67: 11435674 | N67: =IF(OR(L67="",M67=""),"",M67-L67) -> 4176 | O67: =IF(P66="","",P66) -> 17949235 | P67: 17956462 | Q67: =IF(OR(O67="",P67=""),"",P67-O67) -> 7227 | R67: =IF(S66="","",S66) -> 11431498 | S67: 11435674 | T67: =IF(OR(R67="",S67=""),"",S67-R67) -> 4176 | U67: =IF(V66="","",V66) -> 434372 | V67: 434387 | W67: =IF(OR(U67="",V67=""),"",V67-U67) -> 15 | X67: =IF(Y66="","",Y66) -> 718283 | Y67: 718347 | Z67: =IF(OR(X67="",Y67=""),"",Y67-X67) -> 64 | AA67: =IF(AB66="","",AB66) -> 60000 | AB67: 60000 | AC67: =IF(OR(AA67="",AB67=""),"",AB67-AA67) -> 0 | AD67: =IF(AE66="","",AE66) -> 128184 | AE67: 128184 | AF67: =IF(OR(AD67="",AE67=""),"",AE67-AD67) -> 0 | AG67: =IF(AH66="","",AH66) -> 264211 | AH67: 264211 | AI67: =IF(OR(AG67="",AH67=""),"",AH67-AG67) -> 0 | AJ67: =IF(AK66="","",AK66) -> 8012609 | AK67: 8017143 | AL67: =IF(OR(AJ67="",AK67=""),"",AK67-AJ67) -> 4534 | AM67: =IF(AN66="","",AN66) -> 685799 | AN67: 687055 | AO67: =IF(OR(AM67="",AN67=""),"",AN67-AM67) -> 1256 | AP67: =IF(AQ66="","",AQ66) -> 442450 | AQ67: 442450 | AR67: =IF(OR(AP67="",AQ67=""),"",AQ67-AP67) -> 0 | AS67: =IF(AT66="","",AT66) -> 1662697 | AT67: 1665137 | AU67: =IF(OR(AS67="",AT67=""),"",AT67-AS67) -> 2440 | AV67: =IF(AW66="","",AW66) -> 158779 | AW67: 159097 | AX67: =IF(OR(AV67="",AW67=""),"",AW67-AV67) -> 318 | AY67: =AZ66 -> 651944 | AZ67: 654071 | BA67: =IF(OR(AY67="",AZ67=""),"",AZ67-AY67) -> 2127 | BB67: =BC66 -> 6342394 | BC67: 6344638 | BD67: =IF(OR(BB67="",BC67=""),"",BC67-BB67) -> 2244 | BE67: =BF66 -> 3753058 | BF67: 3756636 | BG67: =IF(OR(BE67="",BF67=""),"",BF67-BE67) -> 3578 | BH67: =IF(BI66="","",BI66) -> 1713372 | BI67: 1714469 | BJ67: =IF(OR(BH67="",BI67=""),"",BI67-BH67) -> 1097
A68: ='Energy - Master'!A67 -> 46087 | B68: =IF(A68="","",TEXT(A68,"MMM-YYYY")) -> Mar-2026 | C68: =IF(D67="","",D67) -> 14006879 | D68: 14024090 | E68: =IF(OR(C68="",D68=""),"",D68-C68) -> 17211 | F68: =IF(G67="","",G67) -> 14534782 | G68: 14552570 | H68: =IF(OR(F68="",G68=""),"",G68-F68) -> 17788 | I68: =IF(J67="","",J67) -> 10860577 | J68: 10867246 | K68: =IF(OR(I68="",J68=""),"",J68-I68) -> 6669 | L68: =IF(M67="","",M67) -> 11435674 | M68: 11442587 | N68: =IF(OR(L68="",M68=""),"",M68-L68) -> 6913 | O68: =IF(P67="","",P67) -> 17956462 | P68: 17967376 | Q68: =IF(OR(O68="",P68=""),"",P68-O68) -> 10914 | R68: =IF(S67="","",S67) -> 11435674 | S68: 11442587 | T68: =IF(OR(R68="",S68=""),"",S68-R68) -> 6913 | U68: =IF(V67="","",V67) -> 434387 | V68: 434428 | W68: =IF(OR(U68="",V68=""),"",V68-U68) -> 41 | X68: =IF(Y67="","",Y67) -> 718347 | Y68: 718450 | Z68: =IF(OR(X68="",Y68=""),"",Y68-X68) -> 103 | AA68: =IF(AB67="","",AB67) -> 60000 | AB68: 61990 | AC68: =IF(OR(AA68="",AB68=""),"",AB68-AA68) -> 1990 | AD68: =IF(AE67="","",AE67) -> 128184 | AE68: 128189 | AF68: =IF(OR(AD68="",AE68=""),"",AE68-AD68) -> 5 | AG68: =IF(AH67="","",AH67) -> 264211 | AH68: 264361 | AI68: =IF(OR(AG68="",AH68=""),"",AH68-AG68) -> 150 | AJ68: =IF(AK67="","",AK67) -> 8017143 | AK68: 8023277 | AL68: =IF(OR(AJ68="",AK68=""),"",AK68-AJ68) -> 6134 | AM68: =IF(AN67="","",AN67) -> 687055 | AN68: 1147reset | AO68: =IF(OR(AM68="",AN68=""),"",AN68-AM68) -> #VALUE! | AP68: =IF(AQ67="","",AQ67) -> 442450 | AQ68: 442450 | AR68: =IF(OR(AP68="",AQ68=""),"",AQ68-AP68) -> 0 | AS68: =IF(AT67="","",AT67) -> 1665137 | AT68: 1668360 | AU68: =IF(OR(AS68="",AT68=""),"",AT68-AS68) -> 3223 | AV68: =IF(AW67="","",AW67) -> 159097 | AW68: 159419 | AX68: =IF(OR(AV68="",AW68=""),"",AW68-AV68) -> 322 | AY68: =AZ67 -> 654071 | AZ68: 656220 | BA68: =IF(OR(AY68="",AZ68=""),"",AZ68-AY68) -> 2149 | BB68: =BC67 -> 6344638 | BC68: 6347719 | BD68: =IF(OR(BB68="",BC68=""),"",BC68-BB68) -> 3081 | BE68: =BF67 -> 3756636 | BF68: 3757646 | BG68: =IF(OR(BE68="",BF68=""),"",BF68-BE68) -> 1010 | BH68: =IF(BI67="","",BI67) -> 1714469 | BI68: 1715668 | BJ68: =IF(OR(BH68="",BI68=""),"",BI68-BH68) -> 1199
A69: ='Energy - Master'!A68 -> 46088 | B69: =IF(A69="","",TEXT(A69,"MMM-YYYY")) -> Mar-2026 | C69: =IF(D68="","",D68) -> 14024090 | D69: 14040205 | E69: =IF(OR(C69="",D69=""),"",D69-C69) -> 16115 | F69: =IF(G68="","",G68) -> 14552570 | G69: 14569193 | H69: =IF(OR(F69="",G69=""),"",G69-F69) -> 16623 | I69: =IF(J68="","",J68) -> 10867246 | J69: 10872674 | K69: =IF(OR(I69="",J69=""),"",J69-I69) -> 5428 | L69: =IF(M68="","",M68) -> 11442587 | M69: 11448235 | N69: =IF(OR(L69="",M69=""),"",M69-L69) -> 5648 | O69: =IF(P68="","",P68) -> 17967376 | P69: 17977908 | Q69: =IF(OR(O69="",P69=""),"",P69-O69) -> 10532 | R69: =IF(S68="","",S68) -> 11442587 | S69: 11448235 | T69: =IF(OR(R69="",S69=""),"",S69-R69) -> 5648 | U69: =IF(V68="","",V68) -> 434428 | V69: 434453 | W69: =IF(OR(U69="",V69=""),"",V69-U69) -> 25 | X69: =IF(Y68="","",Y68) -> 718450 | Y69: 718563 | Z69: =IF(OR(X69="",Y69=""),"",Y69-X69) -> 113 | AA69: =IF(AB68="","",AB68) -> 61990 | AB69: 64160 | AC69: =IF(OR(AA69="",AB69=""),"",AB69-AA69) -> 2170 | AD69: =IF(AE68="","",AE68) -> 128189 | AE69: 128189 | AF69: =IF(OR(AD69="",AE69=""),"",AE69-AD69) -> 0 | AG69: =IF(AH68="","",AH68) -> 264361 | AH69: 264507 | AI69: =IF(OR(AG69="",AH69=""),"",AH69-AG69) -> 146 | AJ69: =IF(AK68="","",AK68) -> 8023277 | AK69: 8029482 | AL69: =IF(OR(AJ69="",AK69=""),"",AK69-AJ69) -> 6205 | AM69: =IF(AN68="","",AN68) -> 1147reset | AN69: 2432 | AO69: =IF(OR(AM69="",AN69=""),"",AN69-AM69) -> #VALUE! | AP69: =IF(AQ68="","",AQ68) -> 442450 | AQ69: 442450 | AR69: =IF(OR(AP69="",AQ69=""),"",AQ69-AP69) -> 0 | AS69: =IF(AT68="","",AT68) -> 1668360 | AT69: 1671633 | AU69: =IF(OR(AS69="",AT69=""),"",AT69-AS69) -> 3273 | AV69: =IF(AW68="","",AW68) -> 159419 | AW69: 159735 | AX69: =IF(OR(AV69="",AW69=""),"",AW69-AV69) -> 316 | AY69: =AZ68 -> 656220 | AZ69: 658363 | BA69: =IF(OR(AY69="",AZ69=""),"",AZ69-AY69) -> 2143 | BB69: =BC68 -> 6347719 | BC69: 6350822 | BD69: =IF(OR(BB69="",BC69=""),"",BC69-BB69) -> 3103 | BE69: =BF68 -> 3757646 | BF69: 3759658 | BG69: =IF(OR(BE69="",BF69=""),"",BF69-BE69) -> 2012 | BH69: =IF(BI68="","",BI68) -> 1715668 | BI69: 1716698 | BJ69: =IF(OR(BH69="",BI69=""),"",BI69-BH69) -> 1030
A70: ='Energy - Master'!A69 -> 46089 | B70: =IF(A70="","",TEXT(A70,"MMM-YYYY")) -> Mar-2026 | C70: =IF(D69="","",D69) -> 14040205 | D70: 14054933 | E70: =IF(OR(C70="",D70=""),"",D70-C70) -> 14728 | F70: =IF(G69="","",G69) -> 14569193 | G70: 14584510 | H70: =IF(OR(F70="",G70=""),"",G70-F70) -> 15317 | I70: =IF(J69="","",J69) -> 10872674 | J70: 10877479 | K70: =IF(OR(I70="",J70=""),"",J70-I70) -> 4805 | L70: =IF(M69="","",M69) -> 11448235 | M70: 11453308 | N70: =IF(OR(L70="",M70=""),"",M70-L70) -> 5073 | O70: =IF(P69="","",P69) -> 17977908 | P70: 17987839 | Q70: =IF(OR(O70="",P70=""),"",P70-O70) -> 9931 | R70: =IF(S69="","",S69) -> 11448235 | S70: 11453308 | T70: =IF(OR(R70="",S70=""),"",S70-R70) -> 5073 | U70: =IF(V69="","",V69) -> 434453 | V70: 434453 | W70: =IF(OR(U70="",V70=""),"",V70-U70) -> 0 | X70: =IF(Y69="","",Y69) -> 718563 | Y70: 718563 | Z70: =IF(OR(X70="",Y70=""),"",Y70-X70) -> 0 | AA70: =IF(AB69="","",AB69) -> 64160 | AB70: 67164 | AC70: =IF(OR(AA70="",AB70=""),"",AB70-AA70) -> 3004 | AD70: =IF(AE69="","",AE69) -> 128189 | AE70: 128189 | AF70: =IF(OR(AD70="",AE70=""),"",AE70-AD70) -> 0 | AG70: =IF(AH69="","",AH69) -> 264507 | AH70: 264668 | AI70: =IF(OR(AG70="",AH70=""),"",AH70-AG70) -> 161 | AJ70: =IF(AK69="","",AK69) -> 8029482 | AK70: 8035717 | AL70: =IF(OR(AJ70="",AK70=""),"",AK70-AJ70) -> 6235 | AM70: =IF(AN69="","",AN69) -> 2432 | AN70: 3736 | AO70: =IF(OR(AM70="",AN70=""),"",AN70-AM70) -> 1304 | AP70: =IF(AQ69="","",AQ69) -> 442450 | AQ70: 442450 | AR70: =IF(OR(AP70="",AQ70=""),"",AQ70-AP70) -> 0 | AS70: =IF(AT69="","",AT69) -> 1671633 | AT70: 1674978 | AU70: =IF(OR(AS70="",AT70=""),"",AT70-AS70) -> 3345 | AV70: =IF(AW69="","",AW69) -> 159735 | AW70: 160060 | AX70: =IF(OR(AV70="",AW70=""),"",AW70-AV70) -> 325 | AY70: =AZ69 -> 658363 | AZ70: 660520 | BA70: =IF(OR(AY70="",AZ70=""),"",AZ70-AY70) -> 2157 | BB70: =BC69 -> 6350822 | BC70: 6353934 | BD70: =IF(OR(BB70="",BC70=""),"",BC70-BB70) -> 3112 | BE70: =BF69 -> 3759658 | BF70: 3763363 | BG70: =IF(OR(BE70="",BF70=""),"",BF70-BE70) -> 3705 | BH70: =IF(BI69="","",BI69) -> 1716698 | BI70: 1717946 | BJ70: =IF(OR(BH70="",BI70=""),"",BI70-BH70) -> 1248
A71: ='Energy - Master'!A70 -> 46090 | B71: =IF(A71="","",TEXT(A71,"MMM-YYYY")) -> Mar-2026 | C71: =IF(D70="","",D70) -> 14054933 | D71: 14069260 | E71: =IF(OR(C71="",D71=""),"",D71-C71) -> 14327 | F71: =IF(G70="","",G70) -> 14584510 | G71: 14599413 | H71: =IF(OR(F71="",G71=""),"",G71-F71) -> 14903 | I71: =IF(J70="","",J70) -> 10877479 | J71: 10881997 | K71: =IF(OR(I71="",J71=""),"",J71-I71) -> 4518 | L71: =IF(M70="","",M70) -> 11453308 | M71: 11458120 | N71: =IF(OR(L71="",M71=""),"",M71-L71) -> 4812 | O71: =IF(P70="","",P70) -> 17987839 | P71: 17997627 | Q71: =IF(OR(O71="",P71=""),"",P71-O71) -> 9788 | R71: =IF(S70="","",S70) -> 11453308 | S71: 11458120 | T71: =IF(OR(R71="",S71=""),"",S71-R71) -> 4812 | U71: =IF(V70="","",V70) -> 434453 | V71: 434453 | W71: =IF(OR(U71="",V71=""),"",V71-U71) -> 0 | X71: =IF(Y70="","",Y70) -> 718563 | Y71: 718563 | Z71: =IF(OR(X71="",Y71=""),"",Y71-X71) -> 0 | AA71: =IF(AB70="","",AB70) -> 67164 | AB71: 70132 | AC71: =IF(OR(AA71="",AB71=""),"",AB71-AA71) -> 2968 | AD71: =IF(AE70="","",AE70) -> 128189 | AE71: 128189 | AF71: =IF(OR(AD71="",AE71=""),"",AE71-AD71) -> 0 | AG71: =IF(AH70="","",AH70) -> 264668 | AH71: 264819 | AI71: =IF(OR(AG71="",AH71=""),"",AH71-AG71) -> 151 | AJ71: =IF(AK70="","",AK70) -> 8035717 | AK71: 8041962 | AL71: =IF(OR(AJ71="",AK71=""),"",AK71-AJ71) -> 6245 | AM71: =IF(AN70="","",AN70) -> 3736 | AN71: 5029 | AO71: =IF(OR(AM71="",AN71=""),"",AN71-AM71) -> 1293 | AP71: =IF(AQ70="","",AQ70) -> 442450 | AQ71: 442450 | AR71: =IF(OR(AP71="",AQ71=""),"",AQ71-AP71) -> 0 | AS71: =IF(AT70="","",AT70) -> 1674978 | AT71: 1678340 | AU71: =IF(OR(AS71="",AT71=""),"",AT71-AS71) -> 3362 | AV71: =IF(AW70="","",AW70) -> 160060 | AW71: 160388 | AX71: =IF(OR(AV71="",AW71=""),"",AW71-AV71) -> 328 | AY71: =AZ70 -> 660520 | AZ71: 662635 | BA71: =IF(OR(AY71="",AZ71=""),"",AZ71-AY71) -> 2115 | BB71: =BC70 -> 6353934 | BC71: 6357030 | BD71: =IF(OR(BB71="",BC71=""),"",BC71-BB71) -> 3096 | BE71: =BF70 -> 3763363 | BF71: 3767290 | BG71: =IF(OR(BE71="",BF71=""),"",BF71-BE71) -> 3927 | BH71: =IF(BI70="","",BI70) -> 1717946 | BI71: 1719327 | BJ71: =IF(OR(BH71="",BI71=""),"",BI71-BH71) -> 1381
